date,item_nbr,unit_sales,onpromotion,weekday,DayFromWagePaid,DayToWagePaid,OilPrice,transactions,type
2013-01-02,996606.0,7.293,,2,2,13,93.14,2111.0,Work
2013-01-03,996606.0,5.954,,3,3,12,92.97,1833.0,Work
2013-01-04,996606.0,4.812,,4,4,11,93.12,1863.0,Work
2013-01-05,996606.0,8.834,,5,5,10,93.14666666666668,1509.0,Weekend
2013-01-06,996606.0,1.852,,6,6,9,93.17333333333336,520.0,Weekend
2013-01-07,996606.0,9.12,,0,7,8,93.2,1807.0,Work
2013-01-08,996606.0,6.78,,1,8,7,93.21,1869.0,Work
2013-01-09,996606.0,7.363,,2,9,6,93.08,1910.0,Work
2013-01-10,996606.0,3.586,,3,10,5,93.81,1679.0,Work
2013-01-11,996606.0,9.987,,4,11,4,93.6,1813.0,Work
2013-01-12,996606.0,7.065,,5,12,3,93.82333333333332,1473.0,Weekend
2013-01-13,996606.0,10.382,,6,13,2,94.04666666666664,542.0,Weekend
2013-01-14,996606.0,9.185,,0,14,1,94.27,1780.0,Work
2013-01-15,996606.0,13.226,,1,0,0,93.26,1680.0,Work
2013-01-16,996606.0,4.486,,2,1,15,94.28,1933.0,Work
2013-01-17,996606.0,1.155,,3,2,14,95.49,1786.0,Work
2013-01-18,996606.0,0.504,,4,3,13,95.61,1745.0,Work
2013-01-19,996606.0,1.576,,5,4,12,95.73,1389.0,Weekend
2013-01-20,996606.0,8.172,,6,5,11,95.85,507.0,Weekend
2013-01-21,996606.0,5.371,,0,6,10,95.97,1770.0,Work
2013-01-22,996606.0,8.214,,1,7,9,96.09,1762.0,Work
2013-01-23,996606.0,7.142,,2,8,8,95.06,1873.0,Work
2013-01-24,996606.0,9.361,,3,9,7,95.35,1616.0,Work
2013-01-25,996606.0,10.181,,4,10,6,95.15,1770.0,Work
2013-01-26,996606.0,11.593,,5,11,5,95.41666666666669,1295.0,Weekend
2013-01-27,996606.0,5.364,,6,12,4,95.68333333333334,542.0,Weekend
2013-01-28,996606.0,11.197,,0,13,3,95.95,1738.0,Work
2013-01-29,996606.0,6.116,,1,14,2,97.62,1772.0,Work
2013-01-30,996606.0,5.427,,2,15,1,97.98,1877.0,Work
2013-01-31,996606.0,6.579,,3,0,0,97.65,1707.0,Work
2013-02-01,996606.0,11.639,,4,1,14,97.46,1806.0,Work
2013-02-02,996606.0,9.0,,5,2,13,97.04333333333332,1377.0,Weekend
2013-02-03,996606.0,1.278,,6,3,12,96.62666666666668,531.0,Weekend
2013-02-04,996606.0,5.15,,0,4,11,96.21,1714.0,Work
2013-02-05,996606.0,4.2,,1,5,10,96.68,1775.0,Work
2013-02-06,996606.0,8.888,,2,6,9,96.44,1853.0,Work
2013-02-07,996606.0,6.3,,3,7,8,95.84,1727.0,Work
2013-02-08,996606.0,13.147,,4,8,7,95.71,1878.0,Work
2013-02-09,996606.0,6.357,,5,9,6,96.14333333333332,1104.0,Weekend
2013-02-10,996606.0,2.398,,6,10,5,96.57666666666668,374.0,Weekend
2013-02-11,996606.0,0.0,,0,11,4,97.01,396.0,Holiday
2013-02-12,996606.0,4.645,,1,12,3,97.48,487.0,Holiday
2013-02-13,996606.0,19.035,,2,13,2,97.03,1921.0,Work
2013-02-14,996606.0,3.924,,3,14,1,97.3,2119.0,Work
2013-02-15,996606.0,8.709,,4,0,0,95.95,1787.0,Work
2013-02-16,996606.0,7.079,,5,1,12,96.135,1263.0,Weekend
2013-02-17,996606.0,6.192,,6,2,11,96.32,399.0,Weekend
2013-02-18,996606.0,6.836,,0,3,10,96.505,1742.0,Work
2013-02-19,996606.0,4.836,,1,4,9,96.69,1806.0,Work
2013-02-20,996606.0,6.233,,2,5,8,94.92,1835.0,Work
2013-02-21,996606.0,6.591,,3,6,7,92.79,1756.0,Work
2013-02-22,996606.0,4.63,,4,7,6,93.12,1805.0,Work
2013-02-23,996606.0,4.811,,5,8,5,92.99333333333334,1448.0,Weekend
2013-02-24,996606.0,5.581,,6,9,4,92.86666666666667,512.0,Weekend
2013-02-25,996606.0,9.117,,0,10,3,92.74,1760.0,Work
2013-02-26,996606.0,6.701,,1,11,2,92.63,1804.0,Work
2013-02-27,996606.0,7.975,,2,12,1,92.84,1845.0,Work
2013-02-28,996606.0,10.381,,3,0,0,92.03,1763.0,Work
2013-03-01,996606.0,6.86,,4,1,14,90.71,1916.0,Work
2013-03-02,996606.0,12.426,,5,2,13,90.51666666666668,1332.0,Weekend
2013-03-03,996606.0,1.846,,6,3,12,90.32333333333332,547.0,Weekend
2013-03-04,996606.0,14.957,,0,4,11,90.13,1841.0,Work
2013-03-05,996606.0,3.886,,1,5,10,90.88,1750.0,Work
2013-03-06,996606.0,6.9,,2,6,9,90.47,1929.0,Work
2013-03-07,996606.0,3.825,,3,7,8,91.53,1751.0,Work
2013-03-08,996606.0,10.496,,4,8,7,92.01,1960.0,Work
2013-03-09,996606.0,7.206,,5,9,6,92.03,1337.0,Weekend
2013-03-10,996606.0,3.276,,6,10,5,92.05,538.0,Weekend
2013-03-11,996606.0,6.864,,0,11,4,92.07,1874.0,Work
2013-03-12,996606.0,4.367,,1,12,3,92.44,1734.0,Work
2013-03-13,996606.0,2.627,,2,13,2,92.47,1841.0,Work
2013-03-14,996606.0,7.022,,3,14,1,93.03,1751.0,Work
2013-03-15,996606.0,7.474,,4,0,0,93.49,1812.0,Work
2013-03-16,996606.0,11.382,,5,1,15,93.56333333333332,1238.0,Weekend
2013-03-17,996606.0,13.907,,6,2,14,93.63666666666666,561.0,Weekend
2013-03-18,996606.0,5.172,,0,3,13,93.71,1696.0,Work
2013-03-19,996606.0,3.787,,1,4,12,92.44,1728.0,Work
2013-03-20,996606.0,1.9,,2,5,11,93.21,1879.0,Work
2013-03-21,996606.0,4.038,,3,6,10,92.46,1727.0,Work
2013-03-22,996606.0,12.126,,4,7,9,93.41,1689.0,Work
2013-03-23,996606.0,7.056,,5,8,8,93.79,1358.0,Weekend
2013-03-24,996606.0,3.931,,6,9,7,94.17,531.0,Weekend
2013-03-25,996606.0,8.991,,0,10,6,94.55,1770.0,Work
2013-03-26,996606.0,2.852,,1,11,5,95.99,1700.0,Work
2013-03-27,996606.0,8.96,,2,12,4,96.53,1840.0,Work
2013-03-28,996606.0,2.427,,3,13,3,97.24,1729.0,Work
2013-03-29,996606.0,1.019,,4,14,2,97.205,474.0,Work
2013-03-30,996606.0,6.665,,5,15,1,97.17,1002.0,Weekend
2013-03-31,996606.0,4.332,,6,0,0,97.135,464.0,Weekend
2013-04-01,996606.0,14.175,,0,1,14,97.1,1894.0,Work
2013-04-02,996606.0,4.087,,1,2,13,97.23,1705.0,Work
2013-04-03,996606.0,3.59,,2,3,12,95.02,1912.0,Work
2013-04-04,996606.0,6.289,,3,4,11,93.26,1723.0,Work
2013-04-05,996606.0,5.784,,4,5,10,92.76,1899.0,Work
2013-04-06,996606.0,7.202,,5,6,9,92.96,1349.0,Weekend
2013-04-07,996606.0,4.43,,6,7,8,93.16,521.0,Weekend
2013-04-08,996606.0,5.024,,0,8,7,93.36,1824.0,Work
2013-04-09,996606.0,8.403,,1,9,6,94.18,1744.0,Work
2013-04-10,996606.0,4.826,,2,10,5,94.59,1916.0,Work
2013-04-11,996606.0,0.613,,3,11,4,93.44,1638.0,Work
2013-04-12,996606.0,6.721,,4,12,3,91.23,1860.0,Work
2013-04-13,996606.0,8.85,,5,13,2,90.40333333333334,1338.0,Weekend
2013-04-14,996606.0,7.678,,6,14,1,89.57666666666667,525.0,Weekend
2013-04-15,996606.0,6.079,,0,0,0,88.75,1804.0,Work
2013-04-16,996606.0,6.608,,1,1,14,88.73,1757.0,Work
2013-04-17,996606.0,7.312,,2,2,13,86.65,1807.0,Work
2013-04-18,996606.0,8.047,,3,3,12,87.83,1607.0,Work
2013-04-19,996606.0,10.063,,4,4,11,88.04,1737.0,Work
2013-04-20,996606.0,7.714,,5,5,10,88.29666666666667,1335.0,Weekend
2013-04-21,996606.0,5.248,,6,6,9,88.55333333333334,505.0,Weekend
2013-04-22,996606.0,8.98,,0,7,8,88.81,1838.0,Work
2013-04-23,996606.0,3.904,,1,8,7,89.21,1697.0,Work
2013-04-24,996606.0,9.728,,2,9,6,91.07,1921.0,Work
2013-04-25,996606.0,4.529,,3,10,5,93.27,1660.0,Work
2013-04-26,996606.0,5.081,,4,11,4,92.63,1843.0,Work
2013-04-27,996606.0,11.179,,5,12,3,93.11666666666666,1314.0,Weekend
2013-04-28,996606.0,4.616,,6,13,2,93.60333333333332,517.0,Weekend
2013-04-29,996606.0,6.195,,0,14,1,94.09,1653.0,Holiday
2013-04-30,996606.0,5.519,,1,0,0,93.22,1897.0,Work
2013-05-01,996606.0,2.076,,2,1,14,90.74,613.0,Holiday
2013-05-02,996606.0,3.831,,3,2,13,93.7,1763.0,Work
2013-05-03,996606.0,4.971,,4,3,12,95.25,1847.0,Work
2013-05-04,996606.0,11.022,,5,4,11,95.43333333333334,1347.0,Weekend
2013-05-05,996606.0,10.816,,6,5,10,95.61666666666667,538.0,Weekend
2013-05-06,996606.0,8.001,,0,6,9,95.8,1834.0,Work
2013-05-07,996606.0,4.47,,1,7,8,95.28,1792.0,Work
2013-05-08,996606.0,6.162,,2,8,7,96.24,1904.0,Work
2013-05-09,996606.0,3.109,,3,9,6,96.09,1813.0,Work
2013-05-10,996606.0,7.318,,4,10,5,95.81,1959.0,Work
2013-05-11,996606.0,21.832,,5,11,4,95.46,1488.0,Holiday
2013-05-12,996606.0,3.117,,6,12,3,95.11,549.0,Holiday
2013-05-13,996606.0,3.002,,0,13,2,94.76,1784.0,Work
2013-05-14,996606.0,1.938,,1,14,1,93.96,1747.0,Work
2013-05-15,996606.0,7.578,,2,0,0,93.95,1887.0,Work
2013-05-16,996606.0,7.999,,3,1,15,94.85,1781.0,Work
2013-05-17,996606.0,10.665,,4,2,14,95.72,1883.0,Work
2013-05-18,996606.0,7.039,,5,3,13,95.91,1299.0,Weekend
2013-05-19,996606.0,0.998,,6,4,12,96.1,497.0,Weekend
2013-05-20,996606.0,7.55,,0,5,11,96.29,1732.0,Work
2013-05-21,996606.0,5.024,,1,6,10,95.55,1692.0,Work
2013-05-22,996606.0,4.675,,2,7,9,93.98,1865.0,Work
2013-05-23,996606.0,3.65,,3,8,8,94.12,1753.0,Work
2013-05-24,996606.0,3.787,,4,9,7,93.84,496.0,Holiday
2013-05-25,996606.0,5.114,,5,10,6,94.0425,1107.0,Weekend
2013-05-26,996606.0,0.0,,6,11,5,94.245,411.0,Weekend
2013-05-27,996606.0,6.252,,0,12,4,94.4475,1748.0,Work
2013-05-28,996606.0,9.669,,1,13,3,94.65,1787.0,Work
2013-05-29,996606.0,7.109,,2,14,2,93.13,1815.0,Work
2013-05-30,996606.0,4.651,,3,15,1,93.57,1737.0,Work
2013-05-31,996606.0,7.993,,4,0,0,91.93,1818.0,Work
2013-06-01,996606.0,5.952,,5,1,14,92.42333333333332,1357.0,Weekend
2013-06-02,996606.0,0.644,,6,2,13,92.91666666666666,430.0,Weekend
2013-06-03,996606.0,2.635,,0,3,12,93.41,1882.0,Work
2013-06-04,996606.0,5.798,,1,4,11,93.36,1785.0,Work
2013-06-05,996606.0,8.588,,2,5,10,93.66,1845.0,Work
2013-06-06,996606.0,8.174,,3,6,9,94.71,1815.0,Work
2013-06-07,996606.0,7.191,,4,7,8,96.11,1885.0,Work
2013-06-08,996606.0,6.186,,5,8,7,96.01333333333334,1279.0,Weekend
2013-06-09,996606.0,6.388,,6,9,6,95.91666666666666,510.0,Weekend
2013-06-10,996606.0,5.386,,0,10,5,95.82,1826.0,Work
2013-06-11,996606.0,5.904,,1,11,4,95.5,1855.0,Work
2013-06-12,996606.0,6.608,,2,12,3,95.98,1863.0,Work
2013-06-13,996606.0,6.454,,3,13,2,96.66,1711.0,Work
2013-06-14,996606.0,13.056,,4,14,1,97.83,1856.0,Work
2013-06-15,996606.0,5.968,,5,0,0,97.84,1356.0,Weekend
2013-06-16,996606.0,1.945,,6,1,14,97.85,541.0,Weekend
2013-06-17,996606.0,4.128,,0,2,13,97.86,1786.0,Work
2013-06-18,996606.0,5.216,,1,3,12,98.46,1775.0,Work
2013-06-19,996606.0,7.544,,2,4,11,98.24,1783.0,Work
2013-06-20,996606.0,6.413,,3,5,10,94.89,1629.0,Work
2013-06-21,996606.0,6.299,,4,6,9,93.81,1700.0,Work
2013-06-22,996606.0,8.817,,5,7,8,94.23,1295.0,Weekend
2013-06-23,996606.0,5.618,,6,8,7,94.65,493.0,Weekend
2013-06-24,996606.0,7.401,,0,9,6,95.07,1820.0,Work
2013-06-25,996606.0,4.624,,1,10,5,95.25,1718.0,Work
2013-06-26,996606.0,4.705,,2,11,4,95.47,1856.0,Work
2013-06-27,996606.0,9.703,,3,12,3,97.0,1671.0,Work
2013-06-28,996606.0,6.871,,4,13,2,96.36,1808.0,Work
2013-06-29,996606.0,6.662,,5,14,1,96.88666666666668,1264.0,Weekend
2013-06-30,996606.0,8.126,,6,0,0,97.41333333333333,482.0,Weekend
2013-07-01,996606.0,7.604,,0,1,14,97.94,1797.0,Work
2013-07-02,996606.0,3.062,,1,2,13,99.65,1778.0,Work
2013-07-03,996606.0,14.259,,2,3,12,101.92,1899.0,Work
2013-07-04,996606.0,3.483,,3,4,11,102.505,1792.0,Work
2013-07-05,996606.0,6.529,,4,5,10,103.09,1804.0,Work
2013-07-06,996606.0,6.041,,5,6,9,103.07,1186.0,Weekend
2013-07-07,996606.0,5.206,,6,7,8,103.05,485.0,Weekend
2013-07-08,996606.0,10.634,,0,8,7,103.03,1826.0,Work
2013-07-09,996606.0,2.514,,1,9,6,103.46,1804.0,Work
2013-07-10,996606.0,9.783,,2,10,5,106.41,1761.0,Work
2013-07-11,996606.0,2.947,,3,11,4,104.77,1668.0,Work
2013-07-12,996606.0,6.506,,4,12,3,105.85,1749.0,Work
2013-07-13,996606.0,12.315,,5,13,2,105.96666666666668,1219.0,Weekend
2013-07-14,996606.0,0.496,,6,14,1,106.08333333333334,434.0,Weekend
2013-07-15,996606.0,9.978,,0,0,0,106.2,1781.0,Work
2013-07-16,996606.0,4.379,,1,1,15,105.88,1904.0,Work
2013-07-17,996606.0,8.285,,2,2,14,106.39,1846.0,Work
2013-07-18,996606.0,10.511,,3,3,13,107.94,1700.0,Work
2013-07-19,996606.0,9.152,,4,4,12,108.0,1752.0,Work
2013-07-20,996606.0,8.547,,5,5,11,107.53666666666666,1336.0,Weekend
2013-07-21,996606.0,3.196,,6,6,10,107.07333333333332,448.0,Weekend
2013-07-22,996606.0,8.199,,0,7,9,106.61,1753.0,Work
2013-07-23,996606.0,2.719,,1,8,8,107.13,1794.0,Work
2013-07-24,996606.0,5.13,,2,9,7,105.41,1796.0,Work
2013-07-25,996606.0,3.21,,3,10,6,105.47,1697.0,Work
2013-07-26,996606.0,4.773,,4,11,5,104.76,1808.0,Work
2013-07-27,996606.0,9.42,,5,12,4,104.71,1247.0,Weekend
2013-07-28,996606.0,2.856,,6,13,3,104.66,439.0,Weekend
2013-07-29,996606.0,4.863,,0,14,2,104.61,1802.0,Work
2013-07-30,996606.0,3.169,,1,15,1,103.14,1741.0,Work
2013-07-31,996606.0,3.998,,2,0,0,105.1,1828.0,Work
2013-08-01,996606.0,4.221,,3,1,14,107.93,1767.0,Work
2013-08-02,996606.0,2.782,,4,2,13,106.94,1748.0,Work
2013-08-03,996606.0,4.539,,5,3,12,106.83,1290.0,Weekend
2013-08-04,996606.0,2.354,,6,4,11,106.72,453.0,Weekend
2013-08-05,996606.0,4.116,,0,5,10,106.61,1763.0,Work
2013-08-06,996606.0,4.679,,1,6,9,105.32,1717.0,Work
2013-08-07,996606.0,9.074,,2,7,8,104.41,1800.0,Work
2013-08-08,996606.0,1.342,,3,8,7,103.45,1650.0,Work
2013-08-09,996606.0,6.045,,4,9,6,106.04,1785.0,Work
2013-08-10,996606.0,3.823,,5,10,5,106.09,832.0,Holiday
2013-08-11,996606.0,1.92,,6,11,4,106.14,441.0,Weekend
2013-08-12,996606.0,4.623,,0,12,3,106.19,1728.0,Work
2013-08-13,996606.0,0.856,,1,13,2,106.78,1685.0,Work
2013-08-14,996606.0,3.829,,2,14,1,106.89,1836.0,Work
2013-08-15,996606.0,1.611,,3,0,0,107.43,1656.0,Work
2013-08-16,996606.0,4.453,,4,1,15,107.58,1817.0,Work
2013-08-17,996606.0,6.14,,5,2,14,107.43333333333334,1203.0,Weekend
2013-08-18,996606.0,1.77,,6,3,13,107.28666666666666,427.0,Weekend
2013-08-19,996606.0,11.553,,0,4,12,107.14,1714.0,Work
2013-08-20,996606.0,4.271,,1,5,11,104.9,1670.0,Work
2013-08-21,996606.0,0.588,,2,6,10,103.93,1826.0,Work
2013-08-22,996606.0,1.692,,3,7,9,104.93,1599.0,Work
2013-08-23,996606.0,3.55,,4,8,8,106.48,1777.0,Work
2013-08-24,996606.0,4.959,,5,9,7,106.28,1166.0,Weekend
2013-08-25,996606.0,2.076,,6,10,6,106.08,457.0,Weekend
2013-08-26,996606.0,1.217,,0,11,5,105.88,1722.0,Work
2013-08-27,996606.0,2.334,,1,12,4,109.11,1677.0,Work
2013-08-28,996606.0,3.21,,2,13,3,110.17,1831.0,Work
2013-08-29,996606.0,4.12,,3,14,2,108.51,1647.0,Work
2013-08-30,996606.0,6.942,,4,15,1,107.98,1808.0,Work
2013-08-31,996606.0,6.792,,5,0,0,108.1525,1297.0,Weekend
2013-09-01,996606.0,7.623,,6,1,14,108.325,512.0,Weekend
2013-09-02,996606.0,9.794,,0,2,13,108.4975,1774.0,Work
2013-09-03,996606.0,8.364,,1,3,12,108.67,1762.0,Work
2013-09-04,996606.0,2.437,,2,4,11,107.29,1867.0,Work
2013-09-05,996606.0,1.164,,3,5,10,108.5,1719.0,Work
2013-09-06,996606.0,7.985,,4,6,9,110.62,1839.0,Work
2013-09-07,996606.0,3.783,,5,7,8,110.28666666666668,1245.0,Weekend
2013-09-08,996606.0,0.658,,6,8,7,109.95333333333336,456.0,Weekend
2013-09-09,996606.0,2.406,,0,9,6,109.62,1781.0,Work
2013-09-10,996606.0,3.144,,1,10,5,107.48,1678.0,Work
2013-09-11,996606.0,6.269,,2,11,4,107.65,1828.0,Work
2013-09-12,996606.0,3.578,,3,12,3,108.72,1776.0,Work
2013-09-13,996606.0,6.702,,4,13,2,108.31,1759.0,Work
2013-09-14,996606.0,3.624,,5,14,1,107.72,1259.0,Weekend
2013-09-15,996606.0,3.943,,6,0,0,107.13,500.0,Weekend
2013-09-16,996606.0,12.82,,0,1,14,106.54,1778.0,Work
2013-09-17,996606.0,1.43,,1,2,13,105.36,1716.0,Work
2013-09-18,996606.0,1.96,,2,3,12,108.23,1882.0,Work
2013-09-19,996606.0,8.07,,3,4,11,106.26,1685.0,Work
2013-09-20,996606.0,10.331,,4,5,10,104.7,1701.0,Work
2013-09-21,996606.0,3.883,,5,6,9,104.34,1304.0,Weekend
2013-09-22,996606.0,1.728,,6,7,8,103.98,479.0,Weekend
2013-09-23,996606.0,6.576,,0,8,7,103.62,1707.0,Work
2013-09-24,996606.0,2.198,,1,9,6,103.22,1780.0,Work
2013-09-25,996606.0,19.705,,2,10,5,102.68,1829.0,Work
2013-09-26,996606.0,1.29,,3,11,4,103.1,1681.0,Work
2013-09-27,996606.0,0.632,,4,12,3,102.86,1772.0,Work
2013-09-28,996606.0,0.0,,5,13,2,102.69333333333331,1286.0,Weekend
2013-09-29,996606.0,0.0,,6,14,1,102.52666666666669,503.0,Weekend
2013-09-30,996606.0,5.236,,0,0,0,102.36,1682.0,Work
2013-10-01,996606.0,7.114,,1,1,14,102.09,1744.0,Work
2013-10-02,996606.0,12.361,,2,2,13,104.15,1917.0,Work
2013-10-03,996606.0,5.054,,3,3,12,103.29,1720.0,Work
2013-10-04,996606.0,9.337,,4,4,11,103.83,1839.0,Work
2013-10-05,996606.0,3.803,,5,5,10,103.57666666666668,1324.0,Weekend
2013-10-06,996606.0,2.566,,6,6,9,103.32333333333332,504.0,Weekend
2013-10-07,996606.0,2.946,,0,7,8,103.07,1759.0,Work
2013-10-08,996606.0,10.012,,1,8,7,103.54,1721.0,Work
2013-10-09,996606.0,12.618,,2,9,6,101.63,1788.0,Work
2013-10-10,996606.0,4.519,,3,10,5,103.08,1692.0,Work
2013-10-11,996606.0,0.5,,4,11,4,102.17,733.0,Holiday
2013-10-12,996606.0,0.576,,5,12,3,102.26666666666668,949.0,Weekend
2013-10-13,996606.0,0.592,,6,13,2,102.36333333333332,464.0,Weekend
2013-10-14,996606.0,0.626,,0,14,1,102.46,1654.0,Work
2013-10-15,996606.0,4.844,,1,0,0,101.15,1761.0,Work
2013-10-16,996606.0,4.928,,2,1,15,102.34,1703.0,Work
2013-10-17,996606.0,3.839,,3,2,14,100.72,1783.0,Work
2013-10-18,996606.0,9.0,,4,3,13,100.87,1734.0,Work
2013-10-19,996606.0,4.541,,5,4,12,100.34,1346.0,Weekend
2013-10-20,996606.0,5.519,,6,5,11,99.81,500.0,Weekend
2013-10-21,996606.0,4.102,,0,6,10,99.28,1830.0,Work
2013-10-22,996606.0,6.471,,1,7,9,97.63,1687.0,Work
2013-10-23,996606.0,4.901,,2,8,8,96.9,1820.0,Work
2013-10-24,996606.0,2.918,,3,9,7,96.65,1748.0,Work
2013-10-25,996606.0,4.527,,4,10,6,97.4,1805.0,Work
2013-10-26,996606.0,7.806,,5,11,5,97.84666666666666,1282.0,Weekend
2013-10-27,996606.0,3.498,,6,12,4,98.29333333333332,549.0,Weekend
2013-10-28,996606.0,8.289,,0,13,3,98.74,1788.0,Work
2013-10-29,996606.0,12.076,,1,14,2,98.29,1710.0,Work
2013-10-30,996606.0,10.754,,2,15,1,96.81,1815.0,Work
2013-10-31,996606.0,6.419,,3,0,0,96.29,1755.0,Work
2013-11-01,996606.0,17.586,,4,1,14,94.56,1878.0,Work
2013-11-02,996606.0,4.037,,5,2,13,94.56666666666666,1106.0,Holiday
2013-11-03,996606.0,0.0,,6,3,12,94.57333333333332,515.0,Holiday
2013-11-04,996606.0,0.686,,0,4,11,94.58,1838.0,Work
2013-11-05,996606.0,4.31,,1,5,10,93.4,1848.0,Work
2013-11-06,996606.0,12.813,,2,6,9,94.74,1797.0,Work
2013-11-07,996606.0,2.944,,3,7,8,94.25,1724.0,Work
2013-11-08,996606.0,9.334,,4,8,7,94.56,1859.0,Work
2013-11-09,996606.0,7.174,,5,9,6,94.75,1184.0,Weekend
2013-11-10,996606.0,3.881,,6,10,5,94.94,561.0,Weekend
2013-11-11,996606.0,4.659,,0,11,4,95.13,1862.0,Work
2013-11-12,996606.0,7.542,,1,12,3,93.12,1814.0,Work
2013-11-13,996606.0,4.474,,2,13,2,93.91,1924.0,Work
2013-11-14,996606.0,7.668,,3,14,1,93.76,1832.0,Work
2013-11-15,996606.0,5.009,,4,0,0,93.8,1850.0,Work
2013-11-16,996606.0,4.58,,5,1,14,93.54333333333334,1346.0,Weekend
2013-11-17,996606.0,0.534,,6,2,13,93.28666666666666,512.0,Weekend
2013-11-18,996606.0,12.219,,0,3,12,93.03,1881.0,Work
2013-11-19,996606.0,8.142,,1,4,11,93.35,1784.0,Work
2013-11-20,996606.0,5.187,,2,5,10,93.34,1947.0,Work
2013-11-21,996606.0,5.082,,3,6,9,95.35,1753.0,Work
2013-11-22,996606.0,7.714,,4,7,8,94.53,1799.0,Work
2013-11-23,996606.0,4.345,,5,8,7,94.30666666666669,1229.0,Weekend
2013-11-24,996606.0,2.714,,6,9,6,94.08333333333334,453.0,Weekend
2013-11-25,996606.0,14.861,,0,10,5,93.86,1861.0,Work
2013-11-26,996606.0,3.291,,1,11,4,93.41,1834.0,Work
2013-11-27,996606.0,7.149,,2,12,3,92.05,1911.0,Work
2013-11-28,996606.0,3.661,,3,13,2,92.3,1828.0,Work
2013-11-29,996606.0,1.191,,4,14,1,92.55,1781.0,Work
2013-11-30,996606.0,8.323,,5,0,0,92.90333333333334,1272.0,Weekend
2013-12-01,996606.0,6.058,,6,1,14,93.25666666666666,485.0,Weekend
2013-12-02,996606.0,6.129,,0,2,13,93.61,1844.0,Work
2013-12-03,996606.0,4.543,,1,3,12,95.83,1812.0,Work
2013-12-04,996606.0,9.289,,2,4,11,96.97,1995.0,Work
2013-12-05,996606.0,4.754,,3,5,10,97.14,1930.0,Holiday
2013-12-06,996606.0,8.219,,4,6,9,97.48,506.0,Holiday
2013-12-07,996606.0,5.67,,5,7,8,97.35333333333334,1140.0,Weekend
2013-12-08,996606.0,4.645,,6,8,7,97.22666666666666,443.0,Weekend
2013-12-09,996606.0,6.205,,0,9,6,97.1,1812.0,Work
2013-12-10,996606.0,8.182,,1,10,5,98.32,1992.0,Work
2013-12-11,996606.0,5.103,,2,11,4,97.25,2087.0,Work
2013-12-12,996606.0,4.711,,3,12,3,97.21,1945.0,Work
2013-12-13,996606.0,5.656,,4,13,2,96.27,2033.0,Work
2013-12-14,996606.0,3.797,,5,14,1,96.57333333333334,1507.0,Weekend
2013-12-15,996606.0,4.148,,6,0,0,96.87666666666668,526.0,Weekend
2013-12-16,996606.0,6.444,,0,1,15,97.18,2161.0,Work
2013-12-17,996606.0,6.517,,1,2,14,96.99,2136.0,Work
2013-12-18,996606.0,10.447,,2,3,13,97.59,2337.0,Work
2013-12-19,996606.0,20.836,,3,4,12,98.4,2425.0,Work
2013-12-20,996606.0,12.659,,4,5,11,99.11,2490.0,Work
2013-12-21,996606.0,5.119,,5,6,10,98.94666666666669,1738.0,Holiday
2013-12-22,996606.0,2.444,,6,7,9,98.78333333333332,1093.0,Holiday
2013-12-23,996606.0,3.422,,0,8,8,98.62,2848.0,Holiday
2013-12-24,996606.0,8.25,,1,9,7,98.87,2844.0,Holiday
2013-12-25,996606.0,0.0,,2,10,6,99.025,0.0,Holiday
2013-12-26,996606.0,8.087,,3,11,5,99.18,1980.0,Holiday
2013-12-27,996606.0,0.389,,4,12,4,99.94,2022.0,Work
2013-12-28,996606.0,3.601,,5,13,3,99.59333333333332,1070.0,Weekend
2013-12-29,996606.0,0.77,,6,14,2,99.24666666666668,416.0,Weekend
2013-12-30,996606.0,6.198,,0,15,1,98.9,1388.0,Work
2013-12-31,996606.0,6.055,,1,0,0,98.17,1105.0,Holiday
2014-01-01,996606.0,0.0,,2,1,14,96.655,0.0,Holiday
2014-01-02,996606.0,6.87,,3,2,13,95.14,1875.0,Work
2014-01-03,996606.0,13.7772,,4,3,12,93.66,1817.0,Work
2014-01-04,996606.0,6.956,,5,4,11,93.48,1294.0,Weekend
2014-01-05,996606.0,4.73,,6,5,10,93.3,489.0,Weekend
2014-01-06,996606.0,3.486,,0,6,9,93.12,1754.0,Work
2014-01-07,996606.0,9.016,,1,7,8,93.31,1713.0,Work
2014-01-08,996606.0,0.574,,2,8,7,91.9,1955.0,Work
2014-01-09,996606.0,7.391,,3,9,6,91.36,1855.0,Work
2014-01-10,996606.0,7.972,,4,10,5,92.39,1837.0,Work
2014-01-11,996606.0,6.617,,5,11,4,92.07666666666668,1300.0,Weekend
2014-01-12,996606.0,4.004,,6,12,3,91.76333333333334,531.0,Weekend
2014-01-13,996606.0,14.66,,0,13,2,91.45,1887.0,Work
2014-01-14,996606.0,2.72,,1,14,1,92.15,1738.0,Work
2014-01-15,996606.0,4.182,,2,0,0,93.78,1944.0,Work
2014-01-16,996606.0,0.0,,3,1,15,93.54,1819.0,Work
2014-01-17,996606.0,0.0,,4,2,14,93.96,1889.0,Work
2014-01-18,996606.0,0.0,,5,3,13,94.0975,1329.0,Weekend
2014-01-19,996606.0,0.0,,6,4,12,94.235,504.0,Weekend
2014-01-20,996606.0,0.0,,0,5,11,94.3725,1791.0,Work
2014-01-21,996606.0,0.0,,1,6,10,94.51,1872.0,Work
2014-01-22,996606.0,0.0,,2,7,9,96.35,1818.0,Work
2014-01-23,996606.0,0.672,,3,8,8,97.23,1744.0,Work
2014-01-24,996606.0,4.8052,,4,9,7,96.66,1858.0,Work
2014-01-25,996606.0,10.08,,5,10,6,96.38,1234.0,Weekend
2014-01-26,996606.0,13.654,,6,11,5,96.1,537.0,Weekend
2014-01-27,996606.0,7.307,,0,12,4,95.82,1765.0,Work
2014-01-28,996606.0,6.32,,1,13,3,97.49,1746.0,Work
2014-01-29,996606.0,22.595,,2,14,2,97.34,1903.0,Work
2014-01-30,996606.0,9.873,,3,15,1,98.25,1747.0,Work
2014-01-31,996606.0,13.789,,4,0,0,97.55,1872.0,Work
2014-02-01,996606.0,6.925,,5,1,14,97.18,1344.0,Weekend
2014-02-02,996606.0,1.408,,6,2,13,96.81,502.0,Weekend
2014-02-03,996606.0,17.391,,0,3,12,96.44,1898.0,Work
2014-02-04,996606.0,14.962,,1,4,11,97.24,1781.0,Work
2014-02-05,996606.0,11.059,,2,5,10,97.4,1909.0,Work
2014-02-06,996606.0,4.25,,3,6,9,97.84,1749.0,Work
2014-02-07,996606.0,4.6695,,4,7,8,99.98,1812.0,Work
2014-02-08,996606.0,7.404,,5,8,7,100.02666666666669,1335.0,Weekend
2014-02-09,996606.0,1.74,,6,9,6,100.07333333333334,484.0,Weekend
2014-02-10,996606.0,7.231,,0,10,5,100.12,1763.0,Work
2014-02-11,996606.0,8.573,,1,11,4,99.96,1768.0,Work
2014-02-12,996606.0,14.106,,2,12,3,100.38,1910.0,Work
2014-02-13,996606.0,2.62,,3,13,2,100.27,1910.0,Work
2014-02-14,996606.0,4.1507,,4,14,1,100.31,2130.0,Work
2014-02-15,996606.0,4.171,,5,0,0,100.8675,1333.0,Weekend
2014-02-16,996606.0,3.741,,6,1,12,101.425,482.0,Weekend
2014-02-17,996606.0,0.0,,0,2,11,101.98250000000002,1807.0,Work
2014-02-18,996606.0,7.252,,1,3,10,102.54,1742.0,Work
2014-02-19,996606.0,8.05,,2,4,9,103.46,1918.0,Work
2014-02-20,996606.0,12.232,,3,5,8,103.2,1738.0,Work
2014-02-21,996606.0,13.9451,,4,6,7,102.53,1701.0,Work
2014-02-22,996606.0,8.882,,5,7,6,102.74333333333334,1238.0,Weekend
2014-02-23,996606.0,4.795,,6,8,5,102.95666666666668,463.0,Weekend
2014-02-24,996606.0,5.971,,0,9,4,103.17,1814.0,Work
2014-02-25,996606.0,18.623,,1,10,3,102.2,1849.0,Work
2014-02-26,996606.0,7.385,,2,11,2,102.93,1863.0,Work
2014-02-27,996606.0,6.951,,3,12,1,102.68,1696.0,Work
2014-02-28,996606.0,8.0517,,4,0,0,102.88,1880.0,Work
2014-03-01,996606.0,7.537,,5,1,14,103.7,1111.0,Weekend
2014-03-02,996606.0,1.482,,6,2,13,104.52,346.0,Weekend
2014-03-03,996606.0,0.678,,0,3,12,105.34,400.0,Holiday
2014-03-04,996606.0,5.694,,1,4,11,103.64,489.0,Holiday
2014-03-05,996606.0,12.949,,2,5,10,101.75,1905.0,Work
2014-03-06,996606.0,5.126,,3,6,9,101.82,1825.0,Work
2014-03-07,996606.0,19.2121,,4,7,8,102.82,1827.0,Work
2014-03-08,996606.0,8.527,,5,8,7,102.34333333333332,1510.0,Weekend
2014-03-09,996606.0,6.586,,6,9,6,101.86666666666667,535.0,Weekend
2014-03-10,996606.0,8.618,,0,10,5,101.39,1756.0,Work
2014-03-11,996606.0,5.379,,1,11,4,100.29,1841.0,Work
2014-03-12,996606.0,13.676,,2,12,3,98.29,1886.0,Work
2014-03-13,996606.0,1.173,,3,13,2,98.57,1752.0,Work
2014-03-14,996606.0,17.1593,,4,14,1,99.23,1814.0,Work
2014-03-15,996606.0,4.875,,5,0,0,98.96333333333334,1317.0,Weekend
2014-03-16,996606.0,2.532,,6,1,15,98.69666666666669,553.0,Weekend
2014-03-17,996606.0,8.897,,0,2,14,98.43,1837.0,Work
2014-03-18,996606.0,8.452,,1,3,13,100.08,1759.0,Work
2014-03-19,996606.0,5.376,,2,4,12,100.71,1896.0,Work
2014-03-20,996606.0,7.688,,3,5,11,99.68,1628.0,Work
2014-03-21,996606.0,23.6598,,4,6,10,99.97,1903.0,Work
2014-03-22,996606.0,13.091,,5,7,9,99.99666666666668,1327.0,Weekend
2014-03-23,996606.0,0.0,,6,8,8,100.02333333333334,523.0,Weekend
2014-03-24,996606.0,5.432,,0,9,7,100.05,1704.0,Work
2014-03-25,996606.0,4.204,,1,10,6,99.66,1863.0,Work
2014-03-26,996606.0,25.445,,2,11,5,100.61,1818.0,Work
2014-03-27,996606.0,1.998,,3,12,4,101.25,1683.0,Work
2014-03-28,996606.0,6.2088,,4,13,3,101.73,1862.0,Work
2014-03-29,996606.0,6.405,,5,14,2,101.67666666666666,1274.0,Weekend
2014-03-30,996606.0,4.32,,6,15,1,101.62333333333332,505.0,Weekend
2014-03-31,996606.0,2.396,,0,0,0,101.57,1862.0,Work
2014-04-01,996606.0,8.556,False,1,1,14,99.69,1847.0,Work
2014-04-02,996606.0,10.266,False,2,2,13,99.6,1899.0,Work
2014-04-03,996606.0,7.685,False,3,3,12,100.29,1789.0,Work
2014-04-04,996606.0,8.5985,False,4,4,11,101.16,1875.0,Work
2014-04-05,996606.0,8.188,False,5,5,10,100.91666666666669,1393.0,Weekend
2014-04-06,996606.0,4.506,False,6,6,9,100.67333333333336,529.0,Weekend
2014-04-07,996606.0,6.638,False,0,7,8,100.43,1936.0,Work
2014-04-08,996606.0,9.547,False,1,8,7,102.57,1743.0,Work
2014-04-09,996606.0,3.109,False,2,9,6,103.55,1940.0,Work
2014-04-10,996606.0,7.279,False,3,10,5,103.37,1770.0,Work
2014-04-11,996606.0,3.3595,False,4,11,4,103.68,1866.0,Work
2014-04-12,996606.0,6.938,False,5,12,3,103.80333333333334,1340.0,Weekend
2014-04-13,996606.0,2.002,False,6,13,2,103.92666666666668,463.0,Weekend
2014-04-14,996606.0,6.298,False,0,14,1,104.05,1880.0,Work
2014-04-15,996606.0,8.101,False,1,0,0,103.7,1794.0,Work
2014-04-16,996606.0,3.304,False,2,1,14,103.71,1915.0,Work
2014-04-17,996606.0,4.071,False,3,2,13,104.33,1784.0,Work
2014-04-18,996606.0,3.3767,False,4,3,12,104.335,507.0,Holiday
2014-04-19,996606.0,3.814,False,5,4,11,104.34,1038.0,Weekend
2014-04-20,996606.0,2.132,False,6,5,10,104.345,414.0,Weekend
2014-04-21,996606.0,13.039,False,0,6,9,104.35,1776.0,Work
2014-04-22,996606.0,4.084,False,1,7,8,101.69,1688.0,Work
2014-04-23,996606.0,4.196,False,2,8,7,101.47,1935.0,Work
2014-04-24,996606.0,2.549,False,3,9,6,102.2,1787.0,Work
2014-04-25,996606.0,7.2971,False,4,10,5,100.85,1860.0,Work
2014-04-26,996606.0,16.604,False,5,11,4,100.94333333333331,1234.0,Weekend
2014-04-27,996606.0,4.34,False,6,12,3,101.03666666666666,505.0,Weekend
2014-04-28,996606.0,3.547,False,0,13,2,101.13,1782.0,Work
2014-04-29,996606.0,10.8,False,1,14,1,101.56,1756.0,Work
2014-04-30,996606.0,5.533,False,2,0,0,100.07,1990.0,Work
2014-05-01,996606.0,3.045,False,3,1,14,99.69,503.0,Holiday
2014-05-02,996606.0,14.6921,False,4,2,13,100.09,1805.0,Work
2014-05-03,996606.0,4.085,False,5,3,12,99.97333333333331,1326.0,Weekend
2014-05-04,996606.0,5.445,False,6,4,11,99.85666666666664,473.0,Weekend
2014-05-05,996606.0,0.738,False,0,5,10,99.74,1460.0,Work
2014-05-06,996606.0,5.584,False,1,6,9,99.81,1849.0,Work
2014-05-07,996606.0,11.389,False,2,7,8,101.06,1912.0,Work
2014-05-08,996606.0,5.918,False,3,8,7,100.52,1727.0,Work
2014-05-09,996606.0,12.4112,False,4,9,6,100.32,1998.0,Work
2014-05-10,996606.0,8.433,False,5,10,5,100.51,1440.0,Holiday
2014-05-11,996606.0,2.85,False,6,11,4,100.7,595.0,Holiday
2014-05-12,996606.0,4.975,False,0,12,3,100.89,1768.0,Work
2014-05-13,996606.0,7.578,False,1,13,2,102.01,1874.0,Work
2014-05-14,996606.0,3.442,False,2,14,1,102.63,1861.0,Work
2014-05-15,996606.0,6.705,False,3,0,0,101.74,1794.0,Work
2014-05-16,996606.0,12.4596,False,4,1,15,102.31,1797.0,Work
2014-05-17,996606.0,8.119,False,5,2,14,102.52333333333334,1291.0,Weekend
2014-05-18,996606.0,8.076,False,6,3,13,102.73666666666668,470.0,Weekend
2014-05-19,996606.0,7.638,False,0,4,12,102.95,1894.0,Work
2014-05-20,996606.0,30.658,False,1,5,11,102.8,1840.0,Work
2014-05-21,996606.0,4.552,False,2,6,10,104.31,1932.0,Work
2014-05-22,996606.0,5.25,False,3,7,9,104.03,1701.0,Work
2014-05-23,996606.0,14.8708,False,4,8,8,105.01,1726.0,Work
2014-05-24,996606.0,5.232,False,5,9,7,104.9525,1250.0,Holiday
2014-05-25,996606.0,3.487,False,6,10,6,104.895,499.0,Weekend
2014-05-26,996606.0,8.753,False,0,11,5,104.8375,1807.0,Work
2014-05-27,996606.0,5.213,False,1,12,4,104.78,1741.0,Work
2014-05-28,996606.0,8.193,False,2,13,3,103.37,1903.0,Work
2014-05-29,996606.0,3.459,False,3,14,2,104.26,1752.0,Work
2014-05-30,996606.0,5.9064,False,4,15,1,103.4,1917.0,Work
2014-05-31,996606.0,14.032,False,5,0,0,103.29,1320.0,Weekend
2014-06-01,996606.0,8.947,False,6,1,14,103.18,512.0,Weekend
2014-06-02,996606.0,9.268,False,0,2,13,103.07,1918.0,Work
2014-06-03,996606.0,13.296,False,1,3,12,103.34,1940.0,Work
2014-06-04,996606.0,9.84,False,2,4,11,103.27,1930.0,Work
2014-06-05,996606.0,0.0,,3,5,10,103.17,1725.0,Work
2014-06-06,996606.0,11.1432,False,4,6,9,103.32,1892.0,Work
2014-06-07,996606.0,9.346,False,5,7,8,103.91,1325.0,Weekend
2014-06-08,996606.0,4.235,False,6,8,7,104.5,432.0,Weekend
2014-06-09,996606.0,2.899,False,0,9,6,105.09,1786.0,Work
2014-06-10,996606.0,4.354,False,1,10,5,105.02,1705.0,Work
2014-06-11,996606.0,3.426,False,2,11,4,105.04,1872.0,Work
2014-06-12,996606.0,6.948,False,3,12,3,107.2,1734.0,Holiday
2014-06-13,996606.0,10.3988,False,4,13,2,107.49,1918.0,Work
2014-06-14,996606.0,11.929,False,5,14,1,107.5,1447.0,Weekend
2014-06-15,996606.0,0.672,False,6,0,0,107.51,462.0,Holiday
2014-06-16,996606.0,12.417,False,0,1,14,107.52,1801.0,Work
2014-06-17,996606.0,2.999,False,1,2,13,106.95,1747.0,Work
2014-06-18,996606.0,23.209,False,2,3,12,106.64,1798.0,Work
2014-06-19,996606.0,10.546,False,3,4,11,107.08,1713.0,Work
2014-06-20,996606.0,11.6828,False,4,5,10,107.95,1880.0,Holiday
2014-06-21,996606.0,4.458,False,5,6,9,107.57666666666668,1269.0,Weekend
2014-06-22,996606.0,4.307,False,6,7,8,107.20333333333332,493.0,Weekend
2014-06-23,996606.0,11.966,False,0,8,7,106.83,1823.0,Work
2014-06-24,996606.0,4.087,False,1,9,6,106.64,1734.0,Work
2014-06-25,996606.0,9.613,False,2,10,5,107.04,1747.0,Holiday
2014-06-26,996606.0,5.624,False,3,11,4,106.49,1707.0,Work
2014-06-27,996606.0,11.8343,False,4,12,3,106.46,1866.0,Work
2014-06-28,996606.0,7.399,False,5,13,2,106.33,1300.0,Holiday
2014-06-29,996606.0,10.639,False,6,14,1,106.2,446.0,Holiday
2014-06-30,996606.0,5.236,False,0,0,0,106.07,1758.0,Holiday
2014-07-01,996606.0,8.349,False,1,1,14,106.06,1749.0,Holiday
2014-07-02,996606.0,12.198,False,2,2,13,105.18,1962.0,Work
2014-07-03,996606.0,4.782,False,3,3,12,104.76,1775.0,Work
2014-07-04,996606.0,12.668,True,4,4,11,104.6175,1918.0,Holiday
2014-07-05,996606.0,4.514,False,5,5,10,104.475,1128.0,Holiday
2014-07-06,996606.0,6.896,False,6,6,9,104.3325,499.0,Weekend
2014-07-07,996606.0,7.003,False,0,7,8,104.19,1791.0,Work
2014-07-08,996606.0,4.226,False,1,8,7,104.06,1812.0,Holiday
2014-07-09,996606.0,14.855,False,2,9,6,102.93,1821.0,Holiday
2014-07-10,996606.0,6.29,False,3,10,5,103.61,1665.0,Work
2014-07-11,996606.0,10.956,True,4,11,4,101.48,1802.0,Work
2014-07-12,996606.0,7.044,False,5,12,3,101.56333333333332,1211.0,Holiday
2014-07-13,996606.0,3.369,False,6,13,2,101.64666666666668,538.0,Holiday
2014-07-14,996606.0,10.484,False,0,14,1,101.73,1880.0,Work
2014-07-15,996606.0,9.107,False,1,0,0,100.56,1812.0,Work
2014-07-16,996606.0,29.929,False,2,1,15,101.88,1817.0,Work
2014-07-17,996606.0,5.054,False,3,2,14,103.84,1690.0,Work
2014-07-18,996606.0,5.925,True,4,3,13,103.83,1781.0,Work
2014-07-19,996606.0,0.754,False,5,4,12,104.33333333333331,1233.0,Weekend
2014-07-20,996606.0,7.407,False,6,5,11,104.83666666666667,457.0,Weekend
2014-07-21,996606.0,9.837,False,0,6,10,105.34,1808.0,Work
2014-07-22,996606.0,19.211,False,1,7,9,104.59,1761.0,Work
2014-07-23,996606.0,0.905,False,2,8,8,103.81,1868.0,Work
2014-07-24,996606.0,3.57,False,3,9,7,102.76,1679.0,Work
2014-07-25,996606.0,4.554,True,4,10,6,105.23,1835.0,Work
2014-07-26,996606.0,5.877,False,5,11,5,105.38,1236.0,Weekend
2014-07-27,996606.0,0.0,,6,12,4,105.53,494.0,Weekend
2014-07-28,996606.0,5.303,False,0,13,3,105.68,1902.0,Work
2014-07-29,996606.0,25.077,False,1,14,2,104.91,1751.0,Work
2014-07-30,996606.0,4.841,False,2,15,1,104.29,1845.0,Work
2014-07-31,996606.0,2.886,False,3,0,0,98.23,1733.0,Work
2014-08-01,996606.0,4.431,True,4,1,14,97.86,1930.0,Work
2014-08-02,996606.0,9.24,False,5,2,13,97.99333333333334,1207.0,Weekend
2014-08-03,996606.0,6.171,False,6,3,12,98.12666666666668,459.0,Weekend
2014-08-04,996606.0,8.703,False,0,4,11,98.26,1892.0,Work
2014-08-05,996606.0,4.119,False,1,5,10,97.34,1782.0,Work
2014-08-06,996606.0,5.002,False,2,6,9,96.93,1791.0,Work
2014-08-07,996606.0,3.845,False,3,7,8,97.34,1657.0,Work
2014-08-08,996606.0,12.684,True,4,8,7,97.61,1835.0,Work
2014-08-09,996606.0,7.72,False,5,9,6,97.77,1216.0,Weekend
2014-08-10,996606.0,2.093,False,6,10,5,97.93,477.0,Holiday
2014-08-11,996606.0,6.892,False,0,11,4,98.09,1824.0,Work
2014-08-12,996606.0,4.795,False,1,12,3,97.36,1701.0,Work
2014-08-13,996606.0,21.489,False,2,13,2,97.57,1868.0,Work
2014-08-14,996606.0,1.306,False,3,14,1,95.54,1720.0,Work
2014-08-15,996606.0,7.42,True,4,0,0,97.3,1833.0,Work
2014-08-16,996606.0,2.189,False,5,1,15,97.01333333333334,1257.0,Weekend
2014-08-17,996606.0,1.157,False,6,2,14,96.72666666666666,459.0,Weekend
2014-08-18,996606.0,6.562,False,0,3,13,96.44,1805.0,Work
2014-08-19,996606.0,6.109,False,1,4,12,94.35,1670.0,Work
2014-08-20,996606.0,10.238,False,2,5,11,96.4,1788.0,Work
2014-08-21,996606.0,7.046,False,3,6,10,93.97,1685.0,Work
2014-08-22,996606.0,8.342,True,4,7,9,93.61,1766.0,Work
2014-08-23,996606.0,5.243,False,5,8,8,94.20333333333332,1214.0,Weekend
2014-08-24,996606.0,6.702,False,6,9,7,94.79666666666668,494.0,Weekend
2014-08-25,996606.0,3.525,False,0,10,6,95.39,1789.0,Work
2014-08-26,996606.0,11.239,False,1,11,5,95.78,1745.0,Work
2014-08-27,996606.0,3.35,False,2,12,4,95.82,1846.0,Work
2014-08-28,996606.0,3.051,False,3,13,3,96.44,1607.0,Work
2014-08-29,996606.0,8.136,True,4,14,2,97.86,1852.0,Work
2014-08-30,996606.0,7.85,False,5,15,1,96.625,1385.0,Weekend
2014-08-31,996606.0,9.092,False,6,0,0,95.39,512.0,Weekend
2014-09-01,996606.0,10.261,False,0,1,14,94.155,1829.0,Work
2014-09-02,996606.0,7.668,False,1,2,13,92.92,1792.0,Work
2014-09-03,996606.0,7.426,False,2,3,12,95.5,1892.0,Work
2014-09-04,996606.0,9.283,False,3,4,11,94.51,1721.0,Work
2014-09-05,996606.0,7.159,True,4,5,10,93.32,1779.0,Work
2014-09-06,996606.0,10.549,False,5,6,9,93.09333333333332,1315.0,Weekend
2014-09-07,996606.0,5.341,False,6,7,8,92.86666666666667,538.0,Weekend
2014-09-08,996606.0,5.957,False,0,8,7,92.64,1923.0,Work
2014-09-09,996606.0,7.313,False,1,9,6,92.73,1809.0,Work
2014-09-10,996606.0,0.644,False,2,10,5,91.71,1889.0,Work
2014-09-11,996606.0,0.606,False,3,11,4,92.89,1795.0,Work
2014-09-12,996606.0,4.587,True,4,12,3,92.18,1793.0,Work
2014-09-13,996606.0,8.676,True,5,13,2,92.40666666666668,1279.0,Weekend
2014-09-14,996606.0,4.962,False,6,14,1,92.63333333333333,537.0,Weekend
2014-09-15,996606.0,7.142,False,0,0,0,92.86,1764.0,Work
2014-09-16,996606.0,9.286,False,1,1,14,94.91,1748.0,Work
2014-09-17,996606.0,6.524,False,2,2,13,94.33,1804.0,Work
2014-09-18,996606.0,6.378,False,3,3,12,93.07,1655.0,Work
2014-09-19,996606.0,7.154,True,4,4,11,92.43,1628.0,Work
2014-09-20,996606.0,10.436,False,5,5,10,92.10666666666668,1410.0,Weekend
2014-09-21,996606.0,5.306,False,6,6,9,91.78333333333332,478.0,Weekend
2014-09-22,996606.0,5.071,False,0,7,8,91.46,1726.0,Work
2014-09-23,996606.0,2.573,False,1,8,7,91.55,1723.0,Work
2014-09-24,996606.0,2.224,False,2,9,6,93.6,1895.0,Work
2014-09-25,996606.0,13.106,False,3,10,5,93.59,1680.0,Work
2014-09-26,996606.0,6.181,True,4,11,4,95.55,1715.0,Work
2014-09-27,996606.0,5.545,False,5,12,3,95.21,1250.0,Weekend
2014-09-28,996606.0,1.5,False,6,13,2,94.87,528.0,Weekend
2014-09-29,996606.0,8.335,False,0,14,1,94.53,1808.0,Work
2014-09-30,996606.0,9.494,False,1,0,0,91.17,1711.0,Work
2014-10-01,996606.0,9.555,False,2,1,14,90.74,1934.0,Work
2014-10-02,996606.0,6.357,False,3,2,13,91.02,1752.0,Work
2014-10-03,996606.0,8.562,True,4,3,12,89.76,1935.0,Work
2014-10-04,996606.0,14.996,False,5,4,11,89.95,1380.0,Weekend
2014-10-05,996606.0,12.638,False,6,5,10,90.14,527.0,Weekend
2014-10-06,996606.0,5.036,False,0,6,9,90.33,1736.0,Work
2014-10-07,996606.0,4.294,False,1,7,8,88.89,1761.0,Work
2014-10-08,996606.0,9.241,False,2,8,7,87.29,1768.0,Work
2014-10-09,996606.0,8.126,False,3,9,6,85.76,1777.0,Work
2014-10-10,996606.0,2.673,True,4,10,5,85.87,603.0,Holiday
2014-10-11,996606.0,8.421,False,5,11,4,85.82333333333334,1106.0,Weekend
2014-10-12,996606.0,5.107,False,6,12,3,85.77666666666667,465.0,Weekend
2014-10-13,996606.0,5.953,False,0,13,2,85.73,1801.0,Work
2014-10-14,996606.0,4.973,False,1,14,1,81.72,1807.0,Work
2014-10-15,996606.0,7.451,False,2,0,0,81.82,1872.0,Work
2014-10-16,996606.0,6.452,False,3,1,15,82.33,1725.0,Work
2014-10-17,996606.0,7.687,True,4,2,14,82.8,1741.0,Work
2014-10-18,996606.0,5.208,False,5,3,13,82.78666666666666,1342.0,Weekend
2014-10-19,996606.0,6.012,False,6,4,12,82.77333333333334,549.0,Weekend
2014-10-20,996606.0,3.945,False,0,5,11,82.76,1785.0,Work
2014-10-21,996606.0,4.737,False,1,6,10,83.25,1659.0,Work
2014-10-22,996606.0,1.389,False,2,7,9,80.52,1742.0,Work
2014-10-23,996606.0,3.416,False,3,8,8,82.81,1684.0,Work
2014-10-24,996606.0,6.915,True,4,9,7,81.27,1708.0,Work
2014-10-25,996606.0,5.116,True,5,10,6,81.26666666666667,1268.0,Weekend
2014-10-26,996606.0,2.494,True,6,11,5,81.26333333333334,523.0,Weekend
2014-10-27,996606.0,8.501,False,0,12,4,81.26,1646.0,Work
2014-10-28,996606.0,7.474,False,1,13,3,81.36,1643.0,Work
2014-10-29,996606.0,7.758,False,2,14,2,82.25,1857.0,Work
2014-10-30,996606.0,5.357,False,3,15,1,81.06,1704.0,Work
2014-10-31,996606.0,4.419,True,4,0,0,80.53,1735.0,Work
2014-11-01,996606.0,0.0,,5,1,14,79.94333333333333,1103.0,Weekend
2014-11-02,996606.0,0.0,,6,2,13,79.35666666666665,407.0,Holiday
2014-11-03,996606.0,0.0,,0,3,12,78.77,487.0,Holiday
2014-11-04,996606.0,4.581,False,1,4,11,77.15,1670.0,Work
2014-11-05,996606.0,11.599,False,2,5,10,78.71,1880.0,Work
2014-11-06,996606.0,4.536,False,3,6,9,77.87,1731.0,Work
2014-11-07,996606.0,9.997,True,4,7,8,78.71,1846.0,Work
2014-11-08,996606.0,3.056,True,5,8,7,78.28333333333333,1307.0,Weekend
2014-11-09,996606.0,2.404,True,6,9,6,77.85666666666667,505.0,Weekend
2014-11-10,996606.0,7.798,False,0,10,5,77.43,1713.0,Work
2014-11-11,996606.0,4.553,False,1,11,4,77.85,1703.0,Work
2014-11-12,996606.0,7.905,False,2,12,3,77.16,1882.0,Work
2014-11-13,996606.0,3.241,False,3,13,2,74.13,1692.0,Work
2014-11-14,996606.0,6.035,True,4,14,1,75.91,1805.0,Work
2014-11-15,996606.0,4.724,True,5,0,0,75.82,1329.0,Weekend
2014-11-16,996606.0,3.763,True,6,1,14,75.72999999999999,535.0,Weekend
2014-11-17,996606.0,8.4,False,0,2,13,75.64,1776.0,Work
2014-11-18,996606.0,2.436,False,1,3,12,74.55,1729.0,Work
2014-11-19,996606.0,4.024,False,2,4,11,74.55,1805.0,Work
2014-11-20,996606.0,7.873,False,3,5,10,75.63,1770.0,Work
2014-11-21,996606.0,9.045,True,4,6,9,76.52,1762.0,Work
2014-11-22,996606.0,11.06,False,5,7,8,76.25999999999999,1289.0,Weekend
2014-11-23,996606.0,2.02,False,6,8,7,76.0,566.0,Weekend
2014-11-24,996606.0,8.623,False,0,9,6,75.74,1726.0,Work
2014-11-25,996606.0,11.992,False,1,10,5,74.04,1789.0,Work
2014-11-26,996606.0,4.448,False,2,11,4,73.7,1853.0,Work
2014-11-27,996606.0,3.868,False,3,12,3,69.82,1713.0,Work
2014-11-28,996606.0,0.0,,4,13,2,65.94,1820.0,Holiday
2014-11-29,996606.0,0.0,,5,14,1,66.95333333333333,1304.0,Weekend
2014-11-30,996606.0,0.0,,6,0,0,67.96666666666667,540.0,Weekend
2014-12-01,996606.0,3.212,False,0,1,14,68.98,1953.0,Holiday
2014-12-02,996606.0,4.621,False,1,2,13,66.99,1819.0,Work
2014-12-03,996606.0,3.202,False,2,3,12,67.3,1965.0,Work
2014-12-04,996606.0,5.898,False,3,4,11,66.73,1875.0,Work
2014-12-05,996606.0,3.989,True,4,5,10,65.89,2028.0,Holiday
2014-12-06,996606.0,4.733,False,5,6,9,64.97,1065.0,Holiday
2014-12-07,996606.0,3.32,False,6,7,8,64.05,486.0,Weekend
2014-12-08,996606.0,5.562,False,0,8,7,63.13,2006.0,Work
2014-12-09,996606.0,9.236,False,1,9,6,63.74,1896.0,Work
2014-12-10,996606.0,8.404,False,2,10,5,60.99,1972.0,Work
2014-12-11,996606.0,7.272,False,3,11,4,60.01,1932.0,Work
2014-12-12,996606.0,1.868,True,4,12,3,57.81,1951.0,Work
2014-12-13,996606.0,5.33,False,5,13,2,57.193333333333335,1427.0,Weekend
2014-12-14,996606.0,5.708,False,6,14,1,56.57666666666667,593.0,Weekend
2014-12-15,996606.0,5.001,False,0,0,0,55.96,2008.0,Work
2014-12-16,996606.0,9.088,False,1,1,15,55.97,2026.0,Work
2014-12-17,996606.0,8.462,False,2,2,14,56.43,2347.0,Work
2014-12-18,996606.0,4.84,False,3,3,13,54.18,2201.0,Work
2014-12-19,996606.0,3.354,True,4,4,12,56.91,2310.0,Work
2014-12-20,996606.0,7.718,False,5,5,11,56.35666666666666,1882.0,Weekend
2014-12-21,996606.0,5.792,False,6,6,10,55.80333333333333,990.0,Holiday
2014-12-22,996606.0,6.319,False,0,7,9,55.25,2594.0,Holiday
2014-12-23,996606.0,9.678,False,1,8,8,56.78,2861.0,Holiday
2014-12-24,996606.0,6.415,False,2,9,7,55.7,2800.0,Holiday
2014-12-25,996606.0,0.0,,3,10,6,55.145,0.0,Holiday
2014-12-26,996606.0,10.722,True,4,11,5,54.59,1295.0,Holiday
2014-12-27,996606.0,3.403,False,5,12,4,54.21333333333334,1031.0,Weekend
2014-12-28,996606.0,1.304,False,6,13,3,53.83666666666667,398.0,Weekend
2014-12-29,996606.0,5.624,False,0,14,2,53.46,1789.0,Work
2014-12-30,996606.0,11.061,False,1,15,1,54.14,2008.0,Work
2014-12-31,996606.0,12.508,False,2,0,0,53.45,2024.0,Holiday
2015-01-01,996606.0,0.0,,3,1,14,53.085,0.0,Holiday
2015-01-02,996606.0,4.185,True,4,2,13,52.72,1021.0,Holiday
2015-01-03,996606.0,4.267,False,5,3,12,51.83,1015.0,Weekend
2015-01-04,996606.0,1.374,False,6,4,11,50.94,484.0,Weekend
2015-01-05,996606.0,0.0,,0,5,10,50.05,1956.0,Work
2015-01-06,996606.0,3.254,False,1,6,9,47.98,1890.0,Work
2015-01-07,996606.0,8.687,False,2,7,8,48.69,1989.0,Work
2015-01-08,996606.0,10.726,False,3,8,7,48.8,1837.0,Work
2015-01-09,996606.0,11.655,True,4,9,6,48.35,1925.0,Work
2015-01-10,996606.0,7.218,False,5,10,5,47.586666666666666,1534.0,Weekend
2015-01-11,996606.0,7.691,False,6,11,4,46.82333333333334,507.0,Weekend
2015-01-12,996606.0,9.479,False,0,12,3,46.06,1929.0,Work
2015-01-13,996606.0,4.372,False,1,13,2,45.92,1877.0,Work
2015-01-14,996606.0,7.516,False,2,14,1,48.49,1936.0,Work
2015-01-15,996606.0,5.164,False,3,0,0,46.37,1796.0,Work
2015-01-16,996606.0,5.949,True,4,1,15,48.49,1713.0,Work
2015-01-17,996606.0,9.391,False,5,2,14,48.065,1473.0,Weekend
2015-01-18,996606.0,3.107,False,6,3,13,47.64,517.0,Weekend
2015-01-19,996606.0,11.399,False,0,4,12,47.215,1955.0,Work
2015-01-20,996606.0,6.287,False,1,5,11,46.79,1885.0,Work
2015-01-21,996606.0,4.254,False,2,6,10,47.85,1955.0,Work
2015-01-22,996606.0,6.725,False,3,7,9,45.93,1737.0,Work
2015-01-23,996606.0,9.508,True,4,8,8,45.26,1885.0,Work
2015-01-24,996606.0,15.192,False,5,9,7,45.10666666666666,1400.0,Weekend
2015-01-25,996606.0,4.711,False,6,10,6,44.95333333333333,516.0,Weekend
2015-01-26,996606.0,14.399,False,0,11,5,44.8,1864.0,Work
2015-01-27,996606.0,3.861,False,1,12,4,45.84,1738.0,Work
2015-01-28,996606.0,0.0,,2,13,3,44.08,1901.0,Work
2015-01-29,996606.0,0.536,False,3,14,2,44.12,1781.0,Work
2015-01-30,996606.0,6.66,True,4,15,1,47.79,1888.0,Work
2015-01-31,996606.0,9.552,False,5,0,0,48.27666666666666,1398.0,Weekend
2015-02-01,996606.0,8.01,False,6,1,14,48.763333333333335,502.0,Weekend
2015-02-02,996606.0,9.209,False,0,2,13,49.25,1831.0,Work
2015-02-03,996606.0,14.389,False,1,3,12,53.04,1844.0,Work
2015-02-04,996606.0,0.0,,2,4,11,48.45,1894.0,Work
2015-02-05,996606.0,4.553,False,3,5,10,50.48,1774.0,Work
2015-02-06,996606.0,8.017,True,4,6,9,51.66,1865.0,Work
2015-02-07,996606.0,5.726,False,5,7,8,52.10333333333333,1408.0,Weekend
2015-02-08,996606.0,4.258,False,6,8,7,52.54666666666667,490.0,Weekend
2015-02-09,996606.0,3.613,False,0,9,6,52.99,1792.0,Work
2015-02-10,996606.0,7.695,False,1,10,5,50.06,1790.0,Work
2015-02-11,996606.0,4.989,False,2,11,4,48.8,1914.0,Work
2015-02-12,996606.0,5.506,False,3,12,3,51.17,1816.0,Work
2015-02-13,996606.0,7.918,True,4,13,2,52.66,2099.0,Work
2015-02-14,996606.0,5.448,False,5,14,1,52.885,1235.0,Weekend
2015-02-15,996606.0,2.613,False,6,0,0,53.11,378.0,Weekend
2015-02-16,996606.0,1.274,False,0,1,12,53.335,449.0,Holiday
2015-02-17,996606.0,0.0,,1,2,11,53.56,486.0,Holiday
2015-02-18,996606.0,3.569,False,2,3,10,52.13,1942.0,Work
2015-02-19,996606.0,4.486,False,3,4,9,51.12,1554.0,Work
2015-02-20,996606.0,8.496,True,4,5,8,49.95,1866.0,Work
2015-02-21,996606.0,7.736,False,5,6,7,49.82,1530.0,Weekend
2015-02-22,996606.0,9.723,False,6,7,6,49.69,524.0,Weekend
2015-02-23,996606.0,8.204,False,0,8,5,49.56,1763.0,Work
2015-02-24,996606.0,5.94,False,1,9,4,48.48,1756.0,Work
2015-02-25,996606.0,4.07,False,2,10,3,50.25,1923.0,Work
2015-02-26,996606.0,2.789,False,3,11,2,47.65,1746.0,Work
2015-02-27,996606.0,5.844,True,4,12,1,49.84,1877.0,Work
2015-02-28,996606.0,10.179,False,5,0,0,49.75666666666667,1425.0,Weekend
2015-03-01,996606.0,4.621,False,6,1,14,49.67333333333333,522.0,Weekend
2015-03-02,996606.0,6.262,False,0,2,13,49.59,1823.0,Work
2015-03-03,996606.0,9.098,False,1,3,12,50.43,1791.0,Work
2015-03-04,996606.0,16.274,False,2,4,11,51.53,1918.0,Work
2015-03-05,996606.0,7.495,False,3,5,10,50.76,1734.0,Work
2015-03-06,996606.0,10.731,True,4,6,9,49.61,1865.0,Work
2015-03-07,996606.0,6.133,False,5,7,8,49.723333333333336,1468.0,Weekend
2015-03-08,996606.0,0.0,,6,8,7,49.83666666666667,506.0,Weekend
2015-03-09,996606.0,0.636,False,0,9,6,49.95,1883.0,Work
2015-03-10,996606.0,4.533,False,1,10,5,48.42,1829.0,Work
2015-03-11,996606.0,6.758,False,2,11,4,48.06,1893.0,Work
2015-03-12,996606.0,2.716,False,3,12,3,47.12,1758.0,Work
2015-03-13,996606.0,9.595,True,4,13,2,44.88,1869.0,Work
2015-03-14,996606.0,7.839,False,5,14,1,44.56333333333333,1377.0,Weekend
2015-03-15,996606.0,2.768,False,6,0,0,44.24666666666667,502.0,Weekend
2015-03-16,996606.0,7.247,False,0,1,15,43.93,1833.0,Work
2015-03-17,996606.0,5.814,False,1,2,14,43.39,1713.0,Work
2015-03-18,996606.0,4.397,False,2,3,13,44.63,1780.0,Work
2015-03-19,996606.0,5.24,False,3,4,12,44.02,1700.0,Work
2015-03-20,996606.0,3.02,True,4,5,11,46.0,1821.0,Work
2015-03-21,996606.0,7.95,False,5,6,10,46.46666666666667,1361.0,Weekend
2015-03-22,996606.0,3.43,False,6,7,9,46.93333333333334,534.0,Weekend
2015-03-23,996606.0,7.483,False,0,8,8,47.4,1805.0,Work
2015-03-24,996606.0,6.272,False,1,9,7,47.03,1726.0,Work
2015-03-25,996606.0,10.557,False,2,10,6,48.75,1890.0,Work
2015-03-26,996606.0,2.839,False,3,11,5,51.41,1607.0,Work
2015-03-27,996606.0,7.481,True,4,12,4,48.83,1895.0,Work
2015-03-28,996606.0,2.844,False,5,13,3,48.77333333333333,1279.0,Weekend
2015-03-29,996606.0,1.481,False,6,14,2,48.71666666666667,458.0,Weekend
2015-03-30,996606.0,3.298,False,0,15,1,48.66,1753.0,Work
2015-03-31,996606.0,9.312,False,1,0,0,47.72,1901.0,Work
2015-04-01,996606.0,11.595,False,2,1,14,50.12,1988.0,Work
2015-04-02,996606.0,1.889,False,3,2,13,49.13,1816.0,Work
2015-04-03,996606.0,1.969,True,4,3,12,49.8675,492.0,Holiday
2015-04-04,996606.0,8.457,False,5,4,11,50.605,1151.0,Weekend
2015-04-05,996606.0,4.913,False,6,5,10,51.3425,461.0,Weekend
2015-04-06,996606.0,4.951,False,0,6,9,52.08,1815.0,Work
2015-04-07,996606.0,2.615,False,1,7,8,53.95,1862.0,Work
2015-04-08,996606.0,3.017,False,2,8,7,50.44,1839.0,Work
2015-04-09,996606.0,4.324,False,3,9,6,50.79,1766.0,Work
2015-04-10,996606.0,4.132,True,4,10,5,51.63,1897.0,Work
2015-04-11,996606.0,3.798,False,5,11,4,51.73666666666667,1386.0,Weekend
2015-04-12,996606.0,5.281,False,6,12,3,51.84333333333333,493.0,Weekend
2015-04-13,996606.0,6.131,False,0,13,2,51.95,1846.0,Work
2015-04-14,996606.0,5.396,False,1,14,1,53.3,1680.0,Work
2015-04-15,996606.0,7.8,False,2,0,0,56.25,1862.0,Work
2015-04-16,996606.0,2.49,False,3,1,14,56.69,1785.0,Work
2015-04-17,996606.0,6.487,True,4,2,13,55.71,1727.0,Work
2015-04-18,996606.0,6.536,False,5,3,12,55.93,1414.0,Weekend
2015-04-19,996606.0,0.798,False,6,4,11,56.15,524.0,Weekend
2015-04-20,996606.0,8.828,False,0,5,10,56.37,1887.0,Work
2015-04-21,996606.0,2.68,False,1,6,9,55.58,1780.0,Work
2015-04-22,996606.0,1.891,False,2,7,8,56.17,1894.0,Work
2015-04-23,996606.0,3.228,False,3,8,7,56.59,1798.0,Work
2015-04-24,996606.0,7.628,True,4,9,6,55.98,1904.0,Work
2015-04-25,996606.0,5.994,False,5,10,5,55.84,1344.0,Weekend
2015-04-26,996606.0,2.217,False,6,11,4,55.7,513.0,Weekend
2015-04-27,996606.0,10.946,False,0,12,3,55.56,1822.0,Work
2015-04-28,996606.0,5.395,False,1,13,2,57.05,1759.0,Work
2015-04-29,996606.0,8.632,False,2,14,1,58.55,1845.0,Work
2015-04-30,996606.0,3.398,False,3,0,0,59.62,1789.0,Work
2015-05-01,996606.0,1.969,True,4,1,14,59.1,476.0,Holiday
2015-05-02,996606.0,5.89,False,5,2,13,59.04,1221.0,Weekend
2015-05-03,996606.0,4.467,False,6,3,12,58.98,477.0,Weekend
2015-05-04,996606.0,4.547,False,0,4,11,58.92,1810.0,Work
2015-05-05,996606.0,6.611,False,1,5,10,60.38,1819.0,Work
2015-05-06,996606.0,9.303,False,2,6,9,60.93,1973.0,Work
2015-05-07,996606.0,4.757,False,3,7,8,58.99,1837.0,Work
2015-05-08,996606.0,6.027,True,4,8,7,59.41,2087.0,Work
2015-05-09,996606.0,11.047,False,5,9,6,59.35,1532.0,Holiday
2015-05-10,996606.0,1.237,False,6,10,5,59.28999999999999,597.0,Holiday
2015-05-11,996606.0,7.485,False,0,11,4,59.23,1917.0,Work
2015-05-12,996606.0,5.406,False,1,12,3,60.72,1849.0,Work
2015-05-13,996606.0,9.087,False,2,13,2,60.5,1910.0,Work
2015-05-14,996606.0,4.264,False,3,14,1,59.89,1764.0,Work
2015-05-15,996606.0,6.773,True,4,0,0,59.73,1785.0,Work
2015-05-16,996606.0,6.019,True,5,1,15,59.63333333333333,1285.0,Weekend
2015-05-17,996606.0,3.919,False,6,2,14,59.53666666666666,500.0,Weekend
2015-05-18,996606.0,7.408,False,0,3,13,59.44,1884.0,Work
2015-05-19,996606.0,4.236,False,1,4,12,57.3,1747.0,Work
2015-05-20,996606.0,5.805,False,2,5,11,58.96,1928.0,Work
2015-05-21,996606.0,9.172,False,3,6,10,60.18,1738.0,Work
2015-05-22,996606.0,7.344,True,4,7,9,58.88,1878.0,Work
2015-05-23,996606.0,4.271,False,5,8,8,58.4825,1264.0,Weekend
2015-05-24,996606.0,3.197,False,6,9,7,58.085,524.0,Holiday
2015-05-25,996606.0,5.562,False,0,10,6,57.6875,1853.0,Work
2015-05-26,996606.0,8.027,False,1,11,5,57.29,1778.0,Work
2015-05-27,996606.0,4.828,False,2,12,4,57.51,1897.0,Work
2015-05-28,996606.0,3.152,False,3,13,3,57.69,1737.0,Work
2015-05-29,996606.0,11.219,True,4,14,2,60.25,1932.0,Work
2015-05-30,996606.0,5.813,False,5,15,1,60.24666666666667,1334.0,Weekend
2015-05-31,996606.0,6.33,False,6,0,0,60.24333333333334,505.0,Weekend
2015-06-01,996606.0,5.565,False,0,1,14,60.24,1861.0,Work
2015-06-02,996606.0,11.473,False,1,2,13,61.3,1852.0,Work
2015-06-03,996606.0,10.047,False,2,3,12,59.67,1964.0,Work
2015-06-04,996606.0,2.953,False,3,4,11,58.0,1871.0,Work
2015-06-05,996606.0,16.149,True,4,5,10,59.11,1921.0,Work
2015-06-06,996606.0,4.139,False,5,6,9,58.79,1397.0,Weekend
2015-06-07,996606.0,3.431,False,6,7,8,58.47,475.0,Weekend
2015-06-08,996606.0,8.276,False,0,8,7,58.15,1821.0,Work
2015-06-09,996606.0,9.967,False,1,9,6,60.15,1773.0,Work
2015-06-10,996606.0,3.854,False,2,10,5,61.36,1852.0,Work
2015-06-11,996606.0,6.439,False,3,11,4,60.74,1789.0,Work
2015-06-12,996606.0,12.178,True,4,12,3,59.96,1849.0,Work
2015-06-13,996606.0,2.546,False,5,13,2,59.81666666666667,1282.0,Weekend
2015-06-14,996606.0,2.398,False,6,14,1,59.67333333333333,524.0,Weekend
2015-06-15,996606.0,2.89,False,0,0,0,59.53,1800.0,Work
2015-06-16,996606.0,20.914,False,1,1,14,60.01,1835.0,Work
2015-06-17,996606.0,3.76,False,2,2,13,59.89,1888.0,Work
2015-06-18,996606.0,2.328,False,3,3,12,60.41,1831.0,Work
2015-06-19,996606.0,8.382,True,4,4,11,59.62,1872.0,Work
2015-06-20,996606.0,7.385,False,5,5,10,59.75,1391.0,Weekend
2015-06-21,996606.0,3.802,False,6,6,9,59.88,518.0,Weekend
2015-06-22,996606.0,6.422,False,0,7,8,60.01,1824.0,Work
2015-06-23,996606.0,4.599,False,1,8,7,61.05,1792.0,Work
2015-06-24,996606.0,6.774,False,2,9,6,60.01,1792.0,Work
2015-06-25,996606.0,3.706,False,3,10,5,59.59,1708.0,Work
2015-06-26,996606.0,7.468,True,4,11,4,59.41,1829.0,Work
2015-06-27,996606.0,9.771,False,5,12,3,59.053333333333335,1301.0,Weekend
2015-06-28,996606.0,3.185,False,6,13,2,58.69666666666667,539.0,Weekend
2015-06-29,996606.0,6.897,False,0,14,1,58.34,1838.0,Work
2015-06-30,996606.0,5.054,False,1,0,0,59.48,1881.0,Work
2015-07-01,996606.0,6.917,False,2,1,14,56.94,1947.0,Work
2015-07-02,996606.0,7.554,False,3,2,13,56.93,1846.0,Work
2015-07-03,996606.0,10.249,True,4,3,12,55.8175,2012.0,Work
2015-07-04,996606.0,8.334,False,5,4,11,54.705,1264.0,Weekend
2015-07-05,996606.0,1.774,False,6,5,10,53.5925,514.0,Weekend
2015-07-06,996606.0,0.526,False,0,6,9,52.48,1338.0,Work
2015-07-07,996606.0,0.0,,1,7,8,52.33,0.0,Work
2015-07-08,996606.0,11.106,False,2,8,7,51.61,2015.0,Work
2015-07-09,996606.0,5.495,False,3,9,6,52.76,1983.0,Work
2015-07-10,996606.0,0.6,True,4,10,5,52.74,1980.0,Work
2015-07-11,996606.0,5.87,False,5,11,4,52.556666666666665,1500.0,Weekend
2015-07-12,996606.0,2.591,False,6,12,3,52.373333333333335,492.0,Weekend
2015-07-13,996606.0,6.131,False,0,13,2,52.19,1930.0,Work
2015-07-14,996606.0,6.11,False,1,14,1,53.05,1837.0,Work
2015-07-15,996606.0,11.972,False,2,0,0,51.4,1925.0,Work
2015-07-16,996606.0,6.65,False,3,1,15,50.9,1774.0,Work
2015-07-17,996606.0,25.8,True,4,2,14,50.88,1830.0,Work
2015-07-18,996606.0,3.649,False,5,3,13,50.623333333333335,1156.0,Weekend
2015-07-19,996606.0,2.556,False,6,4,12,50.36666666666667,436.0,Weekend
2015-07-20,996606.0,6.066,False,0,5,11,50.11,1861.0,Work
2015-07-21,996606.0,4.255,False,1,6,10,50.59,1734.0,Work
2015-07-22,996606.0,10.139,False,2,7,9,49.27,1810.0,Work
2015-07-23,996606.0,3.172,False,3,8,8,48.11,1688.0,Work
2015-07-24,996606.0,6.983,True,4,9,7,47.98,1820.0,Work
2015-07-25,996606.0,5.052,False,5,10,6,47.71,1192.0,Weekend
2015-07-26,996606.0,4.17,False,6,11,5,47.44,498.0,Weekend
2015-07-27,996606.0,11.256,False,0,12,4,47.17,1703.0,Work
2015-07-28,996606.0,2.159,False,1,13,3,47.97,1756.0,Work
2015-07-29,996606.0,1.871,False,2,14,2,48.77,1815.0,Work
2015-07-30,996606.0,4.608,False,3,15,1,48.53,1687.0,Work
2015-07-31,996606.0,5.95,True,4,0,0,47.11,1847.0,Work
2015-08-01,996606.0,5.519,False,5,1,14,46.49,1287.0,Weekend
2015-08-02,996606.0,3.184,False,6,2,13,45.870000000000005,503.0,Weekend
2015-08-03,996606.0,5.523,False,0,3,12,45.25,1882.0,Work
2015-08-04,996606.0,3.266,False,1,4,11,45.75,1857.0,Work
2015-08-05,996606.0,10.933,False,2,5,10,45.13,1857.0,Work
2015-08-06,996606.0,1.905,False,3,6,9,44.69,1785.0,Work
2015-08-07,996606.0,12.303,True,4,7,8,43.87,1869.0,Work
2015-08-08,996606.0,0.0,,5,8,7,44.22666666666667,1087.0,Weekend
2015-08-09,996606.0,2.413,False,6,9,6,44.58333333333333,376.0,Weekend
2015-08-10,996606.0,3.953,False,0,10,5,44.94,477.0,Holiday
2015-08-11,996606.0,4.953,False,1,11,4,43.11,1802.0,Work
2015-08-12,996606.0,10.31,False,2,12,3,43.22,1827.0,Work
2015-08-13,996606.0,3.947,False,3,13,2,42.27,1499.0,Work
2015-08-14,996606.0,7.396,True,4,14,1,42.45,1882.0,Work
2015-08-15,996606.0,7.396,False,5,0,0,42.27666666666667,1379.0,Weekend
2015-08-16,996606.0,3.452,False,6,1,15,42.10333333333334,456.0,Weekend
2015-08-17,996606.0,6.332,False,0,2,14,41.93,1683.0,Work
2015-08-18,996606.0,3.171,False,1,3,13,42.58,1811.0,Work
2015-08-19,996606.0,2.692,False,2,4,12,40.75,1844.0,Work
2015-08-20,996606.0,15.288,False,3,5,11,41.0,1752.0,Work
2015-08-21,996606.0,0.662,True,4,6,10,40.45,1794.0,Work
2015-08-22,996606.0,0.0,,5,7,9,39.70666666666667,1209.0,Weekend
2015-08-23,996606.0,1.251,False,6,8,8,38.96333333333334,427.0,Weekend
2015-08-24,996606.0,7.002,False,0,9,7,38.22,1801.0,Work
2015-08-25,996606.0,3.434,False,1,10,6,39.15,1749.0,Work
2015-08-26,996606.0,7.222,False,2,11,5,38.5,1740.0,Work
2015-08-27,996606.0,0.622,False,3,12,4,42.47,1679.0,Work
2015-08-28,996606.0,0.0,,4,13,3,45.29,1832.0,Work
2015-08-29,996606.0,1.698,False,5,14,2,46.59333333333333,1253.0,Weekend
2015-08-30,996606.0,3.577,False,6,15,1,47.89666666666667,472.0,Weekend
2015-08-31,996606.0,3.309,False,0,0,0,49.2,1785.0,Work
2015-09-01,996606.0,1.162,False,1,1,14,45.38,1769.0,Work
2015-09-02,996606.0,7.615,False,2,2,13,46.3,1892.0,Work
2015-09-03,996606.0,7.32,False,3,3,12,46.75,1744.0,Work
2015-09-04,996606.0,0.0,,4,4,11,46.02,1771.0,Work
2015-09-05,996606.0,0.0,,5,5,10,45.995000000000005,1265.0,Weekend
2015-09-06,996606.0,6.49,False,6,6,9,45.97,521.0,Weekend
2015-09-07,996606.0,3.528,False,0,7,8,45.945,1767.0,Work
2015-09-08,996606.0,7.454,False,1,8,7,45.92,1773.0,Work
2015-09-09,996606.0,5.23,False,2,9,6,44.13,1822.0,Work
2015-09-10,996606.0,3.582,False,3,10,5,45.85,1670.0,Work
2015-09-11,996606.0,6.899,True,4,11,4,44.75,1881.0,Work
2015-09-12,996606.0,6.406,False,5,12,3,44.52333333333333,1264.0,Weekend
2015-09-13,996606.0,2.704,False,6,13,2,44.29666666666667,459.0,Weekend
2015-09-14,996606.0,7.37,False,0,14,1,44.07,1762.0,Work
2015-09-15,996606.0,4.873,False,1,0,0,44.58,1631.0,Work
2015-09-16,996606.0,3.291,False,2,1,14,47.12,1789.0,Work
2015-09-17,996606.0,12.901,False,3,2,13,46.93,1672.0,Work
2015-09-18,996606.0,7.08,True,4,3,12,44.71,1823.0,Work
2015-09-19,996606.0,5.572,False,5,4,11,45.36333333333334,1349.0,Weekend
2015-09-20,996606.0,0.0,,6,5,10,46.016666666666666,494.0,Weekend
2015-09-21,996606.0,2.248,False,0,6,9,46.67,1756.0,Work
2015-09-22,996606.0,9.167,False,1,7,8,46.17,1770.0,Work
2015-09-23,996606.0,10.063,False,2,8,7,44.53,1844.0,Work
2015-09-24,996606.0,1.176,False,3,9,6,44.94,1747.0,Work
2015-09-25,996606.0,8.285,True,4,10,5,45.55,1819.0,Work
2015-09-26,996606.0,9.649,False,5,11,4,45.16666666666666,1297.0,Weekend
2015-09-27,996606.0,1.458,False,6,12,3,44.78333333333333,541.0,Weekend
2015-09-28,996606.0,12.429,False,0,13,2,44.4,1772.0,Work
2015-09-29,996606.0,4.765,False,1,14,1,45.24,1733.0,Work
2015-09-30,996606.0,4.799,False,2,0,0,45.06,1785.0,Work
2015-10-01,996606.0,3.935,False,3,1,14,44.75,1646.0,Work
2015-10-02,996606.0,5.508,True,4,2,13,45.54,1856.0,Work
2015-10-03,996606.0,13.388,False,5,3,12,45.78666666666667,1346.0,Weekend
2015-10-04,996606.0,4.353,False,6,4,11,46.03333333333333,534.0,Weekend
2015-10-05,996606.0,7.303,False,0,5,10,46.28,1697.0,Work
2015-10-06,996606.0,8.718,False,1,6,9,48.53,1749.0,Work
2015-10-07,996606.0,3.718,False,2,7,8,47.86,1815.0,Work
2015-10-08,996606.0,7.867,False,3,8,7,49.46,1732.0,Work
2015-10-09,996606.0,10.603,True,4,9,6,49.67,570.0,Holiday
2015-10-10,996606.0,2.194,False,5,10,5,48.81,1105.0,Weekend
2015-10-11,996606.0,1.515,False,6,11,4,47.95,488.0,Weekend
2015-10-12,996606.0,4.65,False,0,12,3,47.09,1730.0,Work
2015-10-13,996606.0,11.251,False,1,13,2,46.7,1659.0,Work
2015-10-14,996606.0,5.284,False,2,14,1,46.63,1746.0,Work
2015-10-15,996606.0,3.201,False,3,0,0,46.38,1725.0,Work
2015-10-16,996606.0,19.04,True,4,1,15,47.3,1873.0,Work
2015-10-17,996606.0,0.719,False,5,2,14,46.836666666666666,1371.0,Weekend
2015-10-18,996606.0,1.21,False,6,3,13,46.373333333333335,590.0,Weekend
2015-10-19,996606.0,6.191,False,0,4,12,45.91,1798.0,Work
2015-10-20,996606.0,1.738,False,1,5,11,45.84,1728.0,Work
2015-10-21,996606.0,7.479,False,2,6,10,45.22,1853.0,Work
2015-10-22,996606.0,9.305,False,3,7,9,44.9,1654.0,Work
2015-10-23,996606.0,11.249,True,4,8,8,43.91,1805.0,Work
2015-10-24,996606.0,7.083,False,5,9,7,43.67,1270.0,Weekend
2015-10-25,996606.0,1.576,False,6,10,6,43.42999999999999,573.0,Weekend
2015-10-26,996606.0,7.568,False,0,11,5,43.19,1741.0,Work
2015-10-27,996606.0,4.295,False,1,12,4,43.21,1749.0,Work
2015-10-28,996606.0,7.809,False,2,13,3,45.93,1784.0,Work
2015-10-29,996606.0,4.15,False,3,14,2,46.02,1658.0,Work
2015-10-30,996606.0,8.048,True,4,15,1,46.6,1871.0,Work
2015-10-31,996606.0,9.182,False,5,0,0,46.44,1119.0,Weekend
2015-11-01,996606.0,3.141,False,6,1,14,46.28,369.0,Weekend
2015-11-02,996606.0,1.962,False,0,2,13,46.12,423.0,Holiday
2015-11-03,996606.0,5.059,False,1,3,12,47.88,499.0,Holiday
2015-11-04,996606.0,8.479,False,2,4,11,46.32,1846.0,Work
2015-11-05,996606.0,6.824,False,3,5,10,45.27,1720.0,Work
2015-11-06,996606.0,7.176,True,4,6,9,44.32,1765.0,Work
2015-11-07,996606.0,3.991,False,5,7,8,44.17,1281.0,Weekend
2015-11-08,996606.0,4.114,False,6,8,7,44.02,546.0,Weekend
2015-11-09,996606.0,12.215,False,0,9,6,43.87,1744.0,Work
2015-11-10,996606.0,6.395,False,1,10,5,44.23,1780.0,Work
2015-11-11,996606.0,5.362,False,2,11,4,42.95,1872.0,Work
2015-11-12,996606.0,1.802,False,3,12,3,41.74,1829.0,Work
2015-11-13,996606.0,13.128,True,4,13,2,40.69,1789.0,Work
2015-11-14,996606.0,7.258,False,5,14,1,41.02,1343.0,Weekend
2015-11-15,996606.0,3.343,False,6,0,0,41.35,502.0,Weekend
2015-11-16,996606.0,8.001,False,0,1,14,41.68,1787.0,Work
2015-11-17,996606.0,11.786,False,1,2,13,40.73,1727.0,Work
2015-11-18,996606.0,6.659,False,2,3,12,40.75,1825.0,Work
2015-11-19,996606.0,7.81,False,3,4,11,40.55,1810.0,Work
2015-11-20,996606.0,7.953,True,4,5,10,39.39,1817.0,Work
2015-11-21,996606.0,4.745,False,5,6,9,39.35,1321.0,Weekend
2015-11-22,996606.0,3.813,False,6,7,8,39.31,531.0,Weekend
2015-11-23,996606.0,8.123,False,0,8,7,39.27,1858.0,Work
2015-11-24,996606.0,7.253,False,1,9,6,40.89,1789.0,Work
2015-11-25,996606.0,5.402,False,2,10,5,41.22,1805.0,Work
2015-11-26,996606.0,6.184,False,3,11,4,40.895,1746.0,Work
2015-11-27,996606.0,12.664,True,4,12,3,40.57,1862.0,Holiday
2015-11-28,996606.0,11.836,False,5,13,2,40.52333333333333,1258.0,Weekend
2015-11-29,996606.0,2.61,False,6,14,1,40.47666666666667,509.0,Weekend
2015-11-30,996606.0,5.121,False,0,0,0,40.43,1943.0,Holiday
2015-12-01,996606.0,9.457,False,1,1,14,40.58,1905.0,Work
2015-12-02,996606.0,6.485,False,2,2,13,39.93,1994.0,Work
2015-12-03,996606.0,6.686,False,3,3,12,41.08,1925.0,Work
2015-12-04,996606.0,7.355,True,4,4,11,40.0,2083.0,Work
2015-12-05,996606.0,5.627,False,5,5,10,39.21333333333333,1294.0,Holiday
2015-12-06,996606.0,7.227,False,6,6,9,38.42666666666666,532.0,Holiday
2015-12-07,996606.0,11.171,False,0,7,8,37.64,1945.0,Work
2015-12-08,996606.0,7.105,False,1,8,7,37.46,1863.0,Work
2015-12-09,996606.0,3.484,False,2,9,6,37.16,1988.0,Work
2015-12-10,996606.0,0.574,False,3,10,5,36.76,1900.0,Work
2015-12-11,996606.0,3.974,True,4,11,4,35.65,2035.0,Work
2015-12-12,996606.0,8.224,False,5,12,3,35.87,1463.0,Weekend
2015-12-13,996606.0,3.764,False,6,13,2,36.09,557.0,Weekend
2015-12-14,996606.0,2.558,False,0,14,1,36.31,1995.0,Work
2015-12-15,996606.0,7.375,False,1,0,0,37.32,2025.0,Work
2015-12-16,996606.0,7.543,False,2,1,15,35.55,2241.0,Work
2015-12-17,996606.0,2.721,False,3,2,14,34.98,2169.0,Work
2015-12-18,996606.0,4.698,True,4,3,13,34.72,2252.0,Work
2015-12-19,996606.0,6.319,False,5,4,12,34.663333333333334,1625.0,Weekend
2015-12-20,996606.0,4.093,False,6,5,11,34.60666666666667,860.0,Weekend
2015-12-21,996606.0,6.689,False,0,6,10,34.55,2364.0,Holiday
2015-12-22,996606.0,5.878,False,1,7,9,36.12,2612.0,Holiday
2015-12-23,996606.0,7.303,False,2,8,8,36.76,2833.0,Holiday
2015-12-24,996606.0,6.721,False,3,9,7,37.62,2775.0,Holiday
2015-12-25,996606.0,0.0,,4,10,6,37.305,0.0,Holiday
2015-12-26,996606.0,5.36,False,5,11,5,36.99,1149.0,Holiday
2015-12-27,996606.0,1.208,False,6,12,4,36.675,395.0,Weekend
2015-12-28,996606.0,3.561,False,0,13,3,36.36,1775.0,Work
2015-12-29,996606.0,3.051,False,1,14,2,37.88,1761.0,Work
2015-12-30,996606.0,7.775,False,2,15,1,36.59,2091.0,Work
2015-12-31,996606.0,7.323,False,3,0,0,37.13,2025.0,Holiday
2016-01-01,996606.0,0.0,,4,1,14,37.05,0.0,Holiday
2016-01-02,996606.0,3.502,False,5,2,13,36.97,0.0,Weekend
2016-01-03,996606.0,1.29,False,6,3,12,36.89,0.0,Weekend
2016-01-04,996606.0,8.803,False,0,4,11,36.81,10.0,Work
2016-01-05,996606.0,16.381,False,1,5,10,35.97,1840.0,Work
2016-01-06,996606.0,7.754,False,2,6,9,33.97,1996.0,Work
2016-01-07,996606.0,1.84,False,3,7,8,33.29,1822.0,Work
2016-01-08,996606.0,5.278,True,4,8,7,33.2,1823.0,Work
2016-01-09,996606.0,10.764,False,5,9,6,32.60666666666667,1331.0,Weekend
2016-01-10,996606.0,3.025,False,6,10,5,32.013333333333335,507.0,Weekend
2016-01-11,996606.0,3.432,False,0,11,4,31.42,1767.0,Work
2016-01-12,996606.0,7.285,False,1,12,3,30.42,1744.0,Work
2016-01-13,996606.0,2.723,False,2,13,2,30.42,1729.0,Work
2016-01-14,996606.0,1.383,False,3,14,1,31.22,1782.0,Work
2016-01-15,996606.0,3.684,True,4,0,0,29.45,1872.0,Work
2016-01-16,996606.0,0.0,,5,1,15,29.205,1329.0,Weekend
2016-01-17,996606.0,0.0,,6,2,14,28.96,513.0,Weekend
2016-01-18,996606.0,8.289,False,0,3,13,28.715,1854.0,Work
2016-01-19,996606.0,1.972,False,1,4,12,28.47,1718.0,Work
2016-01-20,996606.0,9.15,False,2,5,11,26.68,1885.0,Work
2016-01-21,996606.0,6.615,False,3,6,10,29.55,1667.0,Work
2016-01-22,996606.0,11.749,True,4,7,9,32.07,1763.0,Work
2016-01-23,996606.0,5.373,False,5,8,8,31.48333333333333,1322.0,Weekend
2016-01-24,996606.0,1.432,False,6,9,7,30.89666666666667,541.0,Weekend
2016-01-25,996606.0,4.49,False,0,10,6,30.31,1726.0,Work
2016-01-26,996606.0,14.052,False,1,11,5,29.54,1765.0,Work
2016-01-27,996606.0,3.84,False,2,12,4,32.32,1884.0,Work
2016-01-28,996606.0,3.334,False,3,13,3,33.21,1753.0,Work
2016-01-29,996606.0,3.434,True,4,14,2,33.66,1761.0,Work
2016-01-30,996606.0,2.859,False,5,15,1,32.98,1339.0,Weekend
2016-01-31,996606.0,6.174,False,6,0,0,32.3,529.0,Weekend
2016-02-01,996606.0,0.0,,0,1,14,31.62,1787.0,Work
2016-02-02,996606.0,3.64,False,1,2,13,29.9,1782.0,Work
2016-02-03,996606.0,10.696,False,2,3,12,32.29,1878.0,Work
2016-02-04,996606.0,2.512,False,3,4,11,31.63,1811.0,Work
2016-02-05,996606.0,8.177,True,4,5,10,30.86,1934.0,Work
2016-02-06,996606.0,7.291,False,5,6,9,30.476666666666667,1190.0,Weekend
2016-02-07,996606.0,1.858,False,6,7,8,30.093333333333334,401.0,Weekend
2016-02-08,996606.0,2.022,False,0,8,7,29.71,417.0,Holiday
2016-02-09,996606.0,1.79,False,1,9,6,27.96,502.0,Holiday
2016-02-10,996606.0,9.464,False,2,10,5,27.54,1859.0,Work
2016-02-11,996606.0,7.169,False,3,11,4,26.19,1679.0,Work
2016-02-12,996606.0,5.494,True,4,12,3,29.32,1934.0,Work
2016-02-13,996606.0,4.925,False,5,13,2,29.2525,1561.0,Weekend
2016-02-14,996606.0,1.398,False,6,14,1,29.185,558.0,Weekend
2016-02-15,996606.0,3.392,False,0,0,0,29.1175,1810.0,Work
2016-02-16,996606.0,2.755,False,1,1,13,29.05,1671.0,Work
2016-02-17,996606.0,5.39,False,2,2,12,30.68,1888.0,Work
2016-02-18,996606.0,5.28,False,3,3,11,30.77,1746.0,Work
2016-02-19,996606.0,10.242,True,4,4,10,29.59,1856.0,Work
2016-02-20,996606.0,0.54,False,5,5,9,30.183333333333334,1553.0,Weekend
2016-02-21,996606.0,0.62,False,6,6,8,30.776666666666667,506.0,Weekend
2016-02-22,996606.0,5.797,False,0,7,7,31.37,1758.0,Work
2016-02-23,996606.0,5.1,False,1,8,6,31.84,1768.0,Work
2016-02-24,996606.0,5.094,False,2,9,5,30.35,1833.0,Work
2016-02-25,996606.0,0.508,False,3,10,4,31.4,1689.0,Work
2016-02-26,996606.0,3.997,True,4,11,3,31.65,1774.0,Work
2016-02-27,996606.0,5.469,False,5,12,2,32.013333333333335,1314.0,Weekend
2016-02-28,996606.0,3.905,False,6,13,1,32.376666666666665,463.0,Weekend
2016-02-29,996606.0,6.38,False,0,0,0,32.74,1731.0,Work
2016-03-01,996606.0,4.967,False,1,1,14,34.39,1751.0,Work
2016-03-02,996606.0,12.858,False,2,2,13,34.57,1914.0,Work
2016-03-03,996606.0,8.671,False,3,3,12,34.56,1728.0,Work
2016-03-04,996606.0,6.825,True,4,4,11,35.91,1781.0,Work
2016-03-05,996606.0,1.282,False,5,5,10,36.57333333333333,1349.0,Weekend
2016-03-06,996606.0,0.75,False,6,6,9,37.236666666666665,541.0,Weekend
2016-03-07,996606.0,7.633,False,0,7,8,37.9,1762.0,Work
2016-03-08,996606.0,6.102,False,1,8,7,36.67,1820.0,Work
2016-03-09,996606.0,7.831,False,2,9,6,37.62,1768.0,Work
2016-03-10,996606.0,7.111,False,3,10,5,37.77,1700.0,Work
2016-03-11,996606.0,9.756,True,4,11,4,38.51,1833.0,Work
2016-03-12,996606.0,9.423,False,5,12,3,38.07333333333333,1354.0,Weekend
2016-03-13,996606.0,0.982,False,6,13,2,37.63666666666667,491.0,Weekend
2016-03-14,996606.0,3.241,False,0,14,1,37.2,1761.0,Work
2016-03-15,996606.0,4.274,False,1,0,0,36.32,1642.0,Work
2016-03-16,996606.0,8.296,False,2,1,15,38.43,1851.0,Work
2016-03-17,996606.0,6.165,False,3,2,14,40.17,1660.0,Work
2016-03-18,996606.0,13.014,True,4,3,13,39.47,1861.0,Work
2016-03-19,996606.0,4.277,False,5,4,12,39.61666666666667,1362.0,Weekend
2016-03-20,996606.0,2.401,False,6,5,11,39.763333333333335,498.0,Weekend
2016-03-21,996606.0,7.561,False,0,6,10,39.91,1767.0,Work
2016-03-22,996606.0,7.55,False,1,7,9,41.45,1687.0,Work
2016-03-23,996606.0,10.601,False,2,8,8,38.28,1799.0,Work
2016-03-24,996606.0,9.519,False,3,9,7,38.14,1822.0,Work
2016-03-25,996606.0,1.707,True,4,10,6,38.1025,521.0,Holiday
2016-03-26,996606.0,8.093,False,5,11,5,38.065,1041.0,Weekend
2016-03-27,996606.0,1.811,False,6,12,4,38.0275,475.0,Weekend
2016-03-28,996606.0,1.21,False,0,13,3,37.99,1594.0,Work
2016-03-29,996606.0,4.455,False,1,14,2,36.91,1743.0,Work
2016-03-30,996606.0,7.3,False,2,15,1,36.91,1654.0,Work
2016-03-31,996606.0,2.621,False,3,0,0,36.94,1714.0,Work
2016-04-01,996606.0,13.047,True,4,1,14,35.36,1797.0,Work
2016-04-02,996606.0,9.616,False,5,2,13,35.00666666666667,1295.0,Weekend
2016-04-03,996606.0,1.805,False,6,3,12,34.653333333333336,598.0,Weekend
2016-04-04,996606.0,4.625,False,0,4,11,34.3,1721.0,Work
2016-04-05,996606.0,4.102,False,1,5,10,34.52,1753.0,Work
2016-04-06,996606.0,6.373,False,2,6,9,37.74,1764.0,Work
2016-04-07,996606.0,10.506,False,3,7,8,37.3,1708.0,Work
2016-04-08,996606.0,11.338,True,4,8,7,39.74,1763.0,Work
2016-04-09,996606.0,4.458,False,5,9,6,39.98,1277.0,Weekend
2016-04-10,996606.0,4.695,False,6,10,5,40.22,534.0,Weekend
2016-04-11,996606.0,10.905,False,0,11,4,40.46,1656.0,Work
2016-04-12,996606.0,8.197,False,1,12,3,42.12,1768.0,Work
2016-04-13,996606.0,6.504,False,2,13,2,41.7,1826.0,Work
2016-04-14,996606.0,6.299,False,3,14,1,41.45,1662.0,Work
2016-04-15,996606.0,9.259,True,4,0,0,40.4,1771.0,Work
2016-04-16,996606.0,3.778,False,5,1,14,40.18,1333.0,Holiday
2016-04-17,996606.0,5.757,False,6,2,13,39.96,575.0,Holiday
2016-04-18,996606.0,10.624,False,0,3,12,39.74,2133.0,Holiday
2016-04-19,996606.0,7.988,False,1,4,11,40.88,2079.0,Holiday
2016-04-20,996606.0,9.145,False,2,5,10,42.72,2073.0,Holiday
2016-04-21,996606.0,3.481,False,3,6,9,43.18,1852.0,Holiday
2016-04-22,996606.0,11.439,True,4,7,8,42.76,1916.0,Holiday
2016-04-23,996606.0,5.347,False,5,8,7,42.39666666666667,1357.0,Holiday
2016-04-24,996606.0,1.949,False,6,9,6,42.03333333333333,513.0,Holiday
2016-04-25,996606.0,4.041,False,0,10,5,41.67,1624.0,Holiday
2016-04-26,996606.0,3.967,False,1,11,4,42.52,1727.0,Holiday
2016-04-27,996606.0,5.46,False,2,12,3,45.29,1761.0,Holiday
2016-04-28,996606.0,4.593,False,3,13,2,46.03,1718.0,Holiday
2016-04-29,996606.0,3.824,True,4,14,1,45.98,1903.0,Holiday
2016-04-30,996606.0,0.602,False,5,0,0,45.57,1314.0,Holiday
2016-05-01,996606.0,2.798,False,6,1,14,45.16,550.0,Holiday
2016-05-02,996606.0,4.991,False,0,2,13,44.75,1722.0,Holiday
2016-05-03,996606.0,10.095,False,1,3,12,43.65,1726.0,Holiday
2016-05-04,996606.0,5.704,False,2,4,11,43.77,1876.0,Holiday
2016-05-05,996606.0,7.311,False,3,5,10,44.33,1810.0,Holiday
2016-05-06,996606.0,6.311,True,4,6,9,44.58,2076.0,Holiday
2016-05-07,996606.0,4.539,False,5,7,8,44.20333333333333,1486.0,Holiday
2016-05-08,996606.0,3.232,False,6,8,7,43.82666666666667,586.0,Holiday
2016-05-09,996606.0,7.359,False,0,9,6,43.45,1692.0,Holiday
2016-05-10,996606.0,6.595,False,1,10,5,44.68,1596.0,Holiday
2016-05-11,996606.0,5.042,False,2,11,4,46.21,1828.0,Holiday
2016-05-12,996606.0,1.082,False,3,12,3,46.64,1682.0,Holiday
2016-05-13,996606.0,6.954,True,4,13,2,46.22,1829.0,Holiday
2016-05-14,996606.0,6.984,False,5,14,1,46.72,1289.0,Holiday
2016-05-15,996606.0,5.706,False,6,0,0,47.22,543.0,Holiday
2016-05-16,996606.0,4.87,False,0,1,15,47.72,1794.0,Holiday
2016-05-17,996606.0,3.921,False,1,2,14,48.29,1688.0,Work
2016-05-18,996606.0,9.01,False,2,3,13,48.12,1687.0,Work
2016-05-19,996606.0,4.503,False,3,4,12,48.16,1697.0,Work
2016-05-20,996606.0,9.582,True,4,5,11,47.67,1843.0,Work
2016-05-21,996606.0,9.904,False,5,6,10,47.82,1320.0,Weekend
2016-05-22,996606.0,3.017,False,6,7,9,47.97,516.0,Weekend
2016-05-23,996606.0,3.485,False,0,8,8,48.12,1756.0,Work
2016-05-24,996606.0,2.17,False,1,9,7,48.04,1709.0,Work
2016-05-25,996606.0,4.986,False,2,10,6,49.1,1745.0,Work
2016-05-26,996606.0,0.0,,3,11,5,49.0,1669.0,Work
2016-05-27,996606.0,3.638,True,4,12,4,49.36,612.0,Holiday
2016-05-28,996606.0,5.376,False,5,13,3,49.295,1091.0,Weekend
2016-05-29,996606.0,5.027,False,6,14,2,49.23,474.0,Weekend
2016-05-30,996606.0,3.922,False,0,15,1,49.165000000000006,1724.0,Work
2016-05-31,996606.0,7.743,False,1,0,0,49.1,1769.0,Work
2016-06-01,996606.0,4.701,False,2,1,14,49.07,1898.0,Work
2016-06-02,996606.0,0.514,False,3,2,13,49.14,1637.0,Work
2016-06-03,996606.0,7.909,True,4,3,12,48.69,1804.0,Work
2016-06-04,996606.0,9.761,False,5,4,11,49.03,1261.0,Weekend
2016-06-05,996606.0,0.7,False,6,5,10,49.370000000000005,489.0,Weekend
2016-06-06,996606.0,6.387,False,0,6,9,49.71,1759.0,Work
2016-06-07,996606.0,4.377,False,1,7,8,50.37,1743.0,Work
2016-06-08,996606.0,4.047,False,2,8,7,51.23,1811.0,Work
2016-06-09,996606.0,2.007,False,3,9,6,50.52,1577.0,Work
2016-06-10,996606.0,7.896,True,4,10,5,49.09,1817.0,Work
2016-06-11,996606.0,3.194,False,5,11,4,49.02333333333333,1237.0,Weekend
2016-06-12,996606.0,3.029,False,6,12,3,48.95666666666666,506.0,Weekend
2016-06-13,996606.0,5.78,False,0,13,2,48.89,1755.0,Work
2016-06-14,996606.0,3.207,False,1,14,1,48.49,1746.0,Work
2016-06-15,996606.0,2.901,False,2,0,0,47.92,1837.0,Work
2016-06-16,996606.0,5.438,False,3,1,14,46.14,1788.0,Work
2016-06-17,996606.0,11.037,True,4,2,13,48.0,1831.0,Work
2016-06-18,996606.0,8.57,False,5,3,12,48.46666666666667,1386.0,Weekend
2016-06-19,996606.0,2.965,False,6,4,11,48.93333333333334,570.0,Weekend
2016-06-20,996606.0,3.12,False,0,5,10,49.4,1787.0,Work
2016-06-21,996606.0,6.613,False,1,6,9,48.95,1623.0,Work
2016-06-22,996606.0,3.317,False,2,7,8,49.16,1846.0,Work
2016-06-23,996606.0,0.678,False,3,8,7,49.34,1609.0,Work
2016-06-24,996606.0,6.862,True,4,9,6,46.7,1705.0,Work
2016-06-25,996606.0,6.279,False,5,10,5,46.4,1241.0,Weekend
2016-06-26,996606.0,3.755,False,6,11,4,46.1,485.0,Weekend
2016-06-27,996606.0,3.042,False,0,12,3,45.8,1775.0,Work
2016-06-28,996606.0,9.699,False,1,13,2,47.93,1699.0,Work
2016-06-29,996606.0,1.325,False,2,14,1,49.85,1765.0,Work
2016-06-30,996606.0,2.2,False,3,0,0,48.27,1622.0,Work
2016-07-01,996606.0,10.7,True,4,1,14,49.02,1876.0,Work
2016-07-02,996606.0,3.44,True,5,2,13,48.447500000000005,1253.0,Weekend
2016-07-03,996606.0,4.675,True,6,3,12,47.875,500.0,Weekend
2016-07-04,996606.0,5.182,True,0,4,11,47.3025,1790.0,Work
2016-07-05,996606.0,6.531,False,1,5,10,46.73,1655.0,Work
2016-07-06,996606.0,4.519,False,2,6,9,47.37,1826.0,Work
2016-07-07,996606.0,6.196,False,3,7,8,45.22,1712.0,Work
2016-07-08,996606.0,8.947,True,4,8,7,45.37,1780.0,Work
2016-07-09,996606.0,1.953,False,5,9,6,45.156666666666666,1276.0,Weekend
2016-07-10,996606.0,3.117,False,6,10,5,44.94333333333333,530.0,Weekend
2016-07-11,996606.0,1.942,False,0,11,4,44.73,1712.0,Work
2016-07-12,996606.0,5.074,False,1,12,3,46.82,1648.0,Work
2016-07-13,996606.0,3.177,False,2,13,2,44.87,1792.0,Work
2016-07-14,996606.0,1.804,False,3,14,1,45.64,1719.0,Work
2016-07-15,996606.0,16.927,True,4,0,0,45.93,1673.0,Work
2016-07-16,996606.0,4.258,False,5,1,15,45.696666666666665,1339.0,Weekend
2016-07-17,996606.0,4.845,False,6,2,14,45.46333333333333,470.0,Weekend
2016-07-18,996606.0,3.413,False,0,3,13,45.23,1766.0,Work
2016-07-19,996606.0,3.613,False,1,4,12,44.64,1749.0,Work
2016-07-20,996606.0,5.31,False,2,5,11,44.96,1816.0,Work
2016-07-21,996606.0,3.508,False,3,6,10,43.96,1654.0,Work
2016-07-22,996606.0,8.964,True,4,7,9,43.41,1798.0,Work
2016-07-23,996606.0,7.025,False,5,8,8,43.07333333333333,1243.0,Weekend
2016-07-24,996606.0,2.902,False,6,9,7,42.736666666666665,501.0,Weekend
2016-07-25,996606.0,3.665,False,0,10,6,42.4,1697.0,Work
2016-07-26,996606.0,7.273,False,1,11,5,42.16,1615.0,Work
2016-07-27,996606.0,4.904,False,2,12,4,41.9,1787.0,Work
2016-07-28,996606.0,1.893,False,3,13,3,41.13,1609.0,Work
2016-07-29,996606.0,7.493,True,4,14,2,41.54,1734.0,Work
2016-07-30,996606.0,1.979,False,5,15,1,41.04333333333333,1280.0,Weekend
2016-07-31,996606.0,2.774,False,6,0,0,40.54666666666667,458.0,Weekend
2016-08-01,996606.0,5.189,False,0,1,14,40.05,1750.0,Work
2016-08-02,996606.0,7.368,False,1,2,13,39.5,1705.0,Work
2016-08-03,996606.0,2.486,False,2,3,12,40.8,1843.0,Work
2016-08-04,996606.0,4.179,False,3,4,11,41.92,1707.0,Work
2016-08-05,996606.0,7.884,True,4,5,10,41.83,1814.0,Work
2016-08-06,996606.0,7.5,False,5,6,9,42.24,1246.0,Weekend
2016-08-07,996606.0,2.841,False,6,7,8,42.650000000000006,474.0,Weekend
2016-08-08,996606.0,9.983,False,0,8,7,43.06,1749.0,Work
2016-08-09,996606.0,2.994,False,1,9,6,42.78,1662.0,Work
2016-08-10,996606.0,2.378,False,2,10,5,41.75,1843.0,Work
2016-08-11,996606.0,3.3,False,3,11,4,43.51,1697.0,Work
2016-08-12,996606.0,1.636,True,4,12,3,44.47,515.0,Holiday
2016-08-13,996606.0,5.19,False,5,13,2,44.88666666666666,1001.0,Weekend
2016-08-14,996606.0,2.597,False,6,14,1,45.30333333333333,423.0,Weekend
2016-08-15,996606.0,2.464,False,0,0,0,45.72,1776.0,Work
2016-08-16,996606.0,5.158,False,1,1,15,46.57,1648.0,Work
2016-08-17,996606.0,2.612,False,2,2,14,46.81,1807.0,Work
2016-08-18,996606.0,4.639,False,3,3,13,48.2,1580.0,Work
2016-08-19,996606.0,3.211,True,4,4,12,48.48,1654.0,Work
2016-08-20,996606.0,8.94,False,5,5,11,47.92,1191.0,Weekend
2016-08-21,996606.0,3.412,False,6,6,10,47.36,484.0,Weekend
2016-08-22,996606.0,7.715,False,0,7,9,46.8,1682.0,Work
2016-08-23,996606.0,2.31,False,1,8,8,47.54,1736.0,Work
2016-08-24,996606.0,5.739,False,2,9,7,46.29,1831.0,Work
2016-08-25,996606.0,4.158,False,3,10,6,46.97,1600.0,Work
2016-08-26,996606.0,6.231,True,4,11,5,47.64,1730.0,Work
2016-08-27,996606.0,9.384,False,5,12,4,47.41666666666666,1137.0,Weekend
2016-08-28,996606.0,1.298,False,6,13,3,47.19333333333333,504.0,Weekend
2016-08-29,996606.0,0.0,,0,14,2,46.97,1631.0,Work
2016-08-30,996606.0,3.391,False,1,15,1,46.32,1660.0,Work
2016-08-31,996606.0,2.619,False,2,0,0,44.68,1835.0,Work
2016-09-01,996606.0,4.977,False,3,1,14,43.17,1783.0,Work
2016-09-02,996606.0,7.783,True,4,2,13,44.39,1869.0,Work
2016-09-03,996606.0,2.038,False,5,3,12,44.505,1292.0,Weekend
2016-09-04,996606.0,1.962,False,6,4,11,44.620000000000005,492.0,Weekend
2016-09-05,996606.0,5.154,False,0,5,10,44.735,1697.0,Work
2016-09-06,996606.0,5.486,False,1,6,9,44.85,1767.0,Work
2016-09-07,996606.0,5.824,False,2,7,8,45.47,1833.0,Work
2016-09-08,996606.0,5.588,False,3,8,7,47.63,1672.0,Work
2016-09-09,996606.0,3.477,True,4,9,6,45.88,1795.0,Work
2016-09-10,996606.0,5.864,False,5,10,5,46.013333333333335,1274.0,Weekend
2016-09-11,996606.0,0.0,,6,11,4,46.14666666666667,481.0,Weekend
2016-09-12,996606.0,4.238,False,0,12,3,46.28,1741.0,Work
2016-09-13,996606.0,4.299,False,1,13,2,44.91,1670.0,Work
2016-09-14,996606.0,4.633,False,2,14,1,43.62,1694.0,Work
2016-09-15,996606.0,3.246,False,3,0,0,43.85,1658.0,Work
2016-09-16,996606.0,7.131,True,4,1,14,43.04,1755.0,Work
2016-09-17,996606.0,5.395,False,5,2,13,43.14,1325.0,Weekend
2016-09-18,996606.0,5.055,False,6,3,12,43.24,541.0,Weekend
2016-09-19,996606.0,7.408,False,0,4,11,43.34,1595.0,Work
2016-09-20,996606.0,7.422,False,1,5,10,43.85,1729.0,Work
2016-09-21,996606.0,5.907,False,2,6,9,45.33,1786.0,Work
2016-09-22,996606.0,1.693,False,3,7,8,46.1,1652.0,Work
2016-09-23,996606.0,9.653,True,4,8,7,44.36,1779.0,Work
2016-09-24,996606.0,2.974,False,5,9,6,44.77333333333333,1277.0,Weekend
2016-09-25,996606.0,3.176,False,6,10,5,45.18666666666667,502.0,Weekend
2016-09-26,996606.0,3.562,False,0,11,4,45.6,1725.0,Work
2016-09-27,996606.0,4.281,False,1,12,3,44.65,1566.0,Work
2016-09-28,996606.0,3.089,False,2,13,2,47.07,1724.0,Work
2016-09-29,996606.0,3.945,False,3,14,1,47.72,1548.0,Work
2016-09-30,996606.0,9.091,True,4,0,0,47.72,1677.0,Work
2016-10-01,996606.0,8.557,False,5,1,14,48.08,1341.0,Weekend
2016-10-02,996606.0,4.39,False,6,2,13,48.44,528.0,Weekend
2016-10-03,996606.0,6.534,False,0,3,12,48.8,1794.0,Work
2016-10-04,996606.0,6.066,False,1,4,11,48.67,1713.0,Work
2016-10-05,996606.0,7.353,False,2,5,10,49.75,1758.0,Work
2016-10-06,996606.0,3.941,False,3,6,9,50.44,1719.0,Work
2016-10-07,996606.0,5.443,True,4,7,8,49.76,1743.0,Work
2016-10-08,996606.0,5.425,False,5,8,7,49.76,1294.0,Weekend
2016-10-09,996606.0,5.374,False,6,9,6,49.76,539.0,Holiday
2016-10-10,996606.0,6.417,False,0,10,5,49.76,1700.0,Work
2016-10-11,996606.0,2.673,False,1,11,4,50.72,1654.0,Work
2016-10-12,996606.0,5.423,False,2,12,3,50.14,1792.0,Work
2016-10-13,996606.0,1.653,False,3,13,2,50.47,1667.0,Work
2016-10-14,996606.0,9.699,True,4,14,1,50.35,1809.0,Work
2016-10-15,996606.0,3.164,False,5,0,0,50.223333333333336,1263.0,Weekend
2016-10-16,996606.0,5.01,False,6,1,15,50.09666666666666,583.0,Weekend
2016-10-17,996606.0,0.64,False,0,2,14,49.97,1791.0,Work
2016-10-18,996606.0,1.438,False,1,3,13,50.3,1655.0,Work
2016-10-19,996606.0,5.835,False,2,4,12,51.59,1785.0,Work
2016-10-20,996606.0,2.678,False,3,5,11,50.31,1707.0,Work
2016-10-21,996606.0,1.232,True,4,6,10,50.61,1777.0,Work
2016-10-22,996606.0,2.502,False,5,7,9,50.46666666666667,1323.0,Weekend
2016-10-23,996606.0,1.228,False,6,8,8,50.32333333333334,562.0,Weekend
2016-10-24,996606.0,6.048,False,0,9,7,50.18,1589.0,Work
2016-10-25,996606.0,7.801,False,1,10,6,49.45,1763.0,Work
2016-10-26,996606.0,9.099,False,2,11,5,48.75,1835.0,Work
2016-10-27,996606.0,3.708,False,3,12,4,49.71,1701.0,Work
2016-10-28,996606.0,5.039,True,4,13,3,48.72,1812.0,Work
2016-10-29,996606.0,8.802,False,5,14,2,48.09,1347.0,Weekend
2016-10-30,996606.0,5.217,False,6,15,1,47.46,549.0,Weekend
2016-10-31,996606.0,1.892,False,0,0,0,46.83,1532.0,Work
2016-11-01,996606.0,3.264,False,1,1,14,46.66,1805.0,Work
2016-11-02,996606.0,2.047,False,2,2,13,45.32,505.0,Holiday
2016-11-03,996606.0,2.102,False,3,3,12,44.66,445.0,Holiday
2016-11-04,996606.0,1.311,True,4,4,11,44.07,923.0,Holiday
2016-11-05,996606.0,4.488,False,5,5,10,44.34,915.0,Weekend
2016-11-06,996606.0,3.614,False,6,6,9,44.61,478.0,Weekend
2016-11-07,996606.0,3.892,False,0,7,8,44.88,1755.0,Work
2016-11-08,996606.0,3.553,False,1,8,7,44.96,1810.0,Work
2016-11-09,996606.0,4.877,False,2,9,6,45.2,1918.0,Work
2016-11-10,996606.0,6.079,False,3,10,5,44.62,1712.0,Work
2016-11-11,996606.0,1.226,True,4,11,4,43.39,1670.0,Work
2016-11-12,996606.0,1.841,False,5,12,3,43.35666666666667,1448.0,Weekend
2016-11-13,996606.0,7.091,False,6,13,2,43.32333333333334,574.0,Weekend
2016-11-14,996606.0,4.958,False,0,14,1,43.29,1814.0,Work
2016-11-15,996606.0,3.124,False,1,0,0,45.86,1811.0,Work
2016-11-16,996606.0,8.292,False,2,1,14,45.56,1901.0,Work
2016-11-17,996606.0,4.93,False,3,2,13,45.37,1732.0,Work
2016-11-18,996606.0,9.225,True,4,3,12,45.69,1805.0,Work
2016-11-19,996606.0,9.847,False,5,4,11,46.28666666666666,1341.0,Weekend
2016-11-20,996606.0,1.434,False,6,5,10,46.883333333333326,534.0,Weekend
2016-11-21,996606.0,4.702,False,0,6,9,47.48,1862.0,Work
2016-11-22,996606.0,5.012,False,1,7,8,48.07,1825.0,Work
2016-11-23,996606.0,1.802,False,2,8,7,46.72,1907.0,Work
2016-11-24,996606.0,2.2,False,3,9,6,46.72,1728.0,Work
2016-11-25,996606.0,7.064,True,4,10,5,46.72,1833.0,Holiday
2016-11-26,996606.0,1.959,False,5,11,4,46.36666666666667,1260.0,Weekend
2016-11-27,996606.0,2.311,False,6,12,3,46.013333333333335,545.0,Weekend
2016-11-28,996606.0,6.844,False,0,13,2,45.66,1810.0,Holiday
2016-11-29,996606.0,5.186,False,1,14,1,45.29,1672.0,Work
2016-11-30,996606.0,6.439,False,2,0,0,49.41,1903.0,Work
2016-12-01,996606.0,4.303,False,3,1,14,51.08,1868.0,Work
2016-12-02,996606.0,7.701,True,4,2,13,51.7,1909.0,Work
2016-12-03,996606.0,2.227,False,5,3,12,51.70666666666667,1215.0,Weekend
2016-12-04,996606.0,1.196,False,6,4,11,51.71333333333334,568.0,Weekend
2016-12-05,996606.0,1.857,False,0,5,10,51.72,1887.0,Holiday
2016-12-06,996606.0,0.992,False,1,6,9,50.95,523.0,Holiday
2016-12-07,996606.0,10.63,False,2,7,8,49.85,2004.0,Work
2016-12-08,996606.0,8.976,False,3,8,7,50.84,1828.0,Work
2016-12-09,996606.0,7.899,True,4,9,6,51.51,1881.0,Work
2016-12-10,996606.0,0.0,,5,10,5,51.92,1376.0,Weekend
2016-12-11,996606.0,0.544,False,6,11,4,52.33,572.0,Weekend
2016-12-12,996606.0,7.615,False,0,12,3,52.74,1847.0,Work
2016-12-13,996606.0,8.079,False,1,13,2,52.99,1836.0,Work
2016-12-14,996606.0,2.882,False,2,14,1,51.01,2076.0,Work
2016-12-15,996606.0,0.0,,3,0,0,50.9,2039.0,Work
2016-12-16,996606.0,0.63,True,4,1,15,51.93,2103.0,Work
2016-12-17,996606.0,6.883,False,5,2,14,51.99666666666667,1453.0,Weekend
2016-12-18,996606.0,4.614,False,6,3,13,52.06333333333333,864.0,Weekend
2016-12-19,996606.0,7.802,False,0,4,12,52.13,2144.0,Work
2016-12-20,996606.0,4.225,False,1,5,11,52.22,2221.0,Work
2016-12-21,996606.0,6.082,False,2,6,10,51.44,2555.0,Holiday
2016-12-22,996606.0,7.087,False,3,7,9,51.98,2760.0,Holiday
2016-12-23,996606.0,15.575,True,4,8,8,52.01,3023.0,Holiday
2016-12-24,996606.0,4.882,False,5,9,7,52.2125,1993.0,Holiday
2016-12-25,996606.0,0.0,,6,10,6,52.415,0.0,Holiday
2016-12-26,996606.0,3.153,False,0,11,5,52.6175,488.0,Holiday
2016-12-27,996606.0,5.4,False,1,12,4,52.82,1845.0,Work
2016-12-28,996606.0,7.001,False,2,13,3,54.01,1834.0,Work
2016-12-29,996606.0,1.352,False,3,14,2,53.8,1733.0,Work
2016-12-30,996606.0,7.328,True,4,15,1,53.75,2119.0,Work
2016-12-31,996606.0,3.342,False,5,0,0,53.4025,1526.0,Holiday
2017-01-01,996606.0,0.0,,6,1,14,53.055,0.0,Weekend
2017-01-02,996606.0,2.791,False,0,2,13,52.7075,516.0,Holiday
2017-01-03,996606.0,0.682,False,1,3,12,52.36,1946.0,Work
2017-01-04,996606.0,0.57,False,2,4,11,53.26,1905.0,Work
2017-01-05,996606.0,2.896,False,3,5,10,53.77,1807.0,Work
2017-01-06,996606.0,1.042,True,4,6,9,53.98,1856.0,Work
2017-01-07,996606.0,0.0,,5,7,8,53.303333333333335,1303.0,Weekend
2017-01-08,996606.0,2.768,False,6,8,7,52.626666666666665,558.0,Weekend
2017-01-09,996606.0,5.279,False,0,9,6,51.95,1798.0,Work
2017-01-10,996606.0,4.225,False,1,10,5,50.82,1732.0,Work
2017-01-11,996606.0,6.21,False,2,11,4,52.19,1868.0,Work
2017-01-12,996606.0,6.341,False,3,12,3,53.01,1688.0,Work
2017-01-13,996606.0,11.044,True,4,13,2,52.36,1831.0,Work
2017-01-14,996606.0,6.093,False,5,14,1,52.3825,1307.0,Weekend
2017-01-15,996606.0,4.321,False,6,0,0,52.405,537.0,Weekend
2017-01-16,996606.0,6.846,False,0,1,15,52.4275,1848.0,Work
2017-01-17,996606.0,3.085,False,1,2,14,52.45,1753.0,Work
2017-01-18,996606.0,3.096,False,2,3,13,51.12,1871.0,Work
2017-01-19,996606.0,8.074,False,3,4,12,51.39,1623.0,Work
2017-01-20,996606.0,6.346,True,4,5,11,52.33,1546.0,Work
2017-01-21,996606.0,1.821,False,5,6,10,52.47666666666667,1419.0,Weekend
2017-01-22,996606.0,3.196,False,6,7,9,52.623333333333335,534.0,Weekend
2017-01-23,996606.0,8.104,False,0,8,8,52.77,1836.0,Work
2017-01-24,996606.0,3.318,False,1,9,7,52.38,1763.0,Work
2017-01-25,996606.0,4.469,False,2,10,6,52.14,1867.0,Work
2017-01-26,996606.0,4.602,False,3,11,5,53.24,1630.0,Work
2017-01-27,996606.0,5.15,True,4,12,4,53.18,1871.0,Work
2017-01-28,996606.0,3.902,False,5,13,3,52.99666666666667,1328.0,Weekend
2017-01-29,996606.0,3.425,False,6,14,2,52.81333333333333,496.0,Weekend
2017-01-30,996606.0,5.373,False,0,15,1,52.63,1686.0,Work
2017-01-31,996606.0,1.537,False,1,0,0,52.75,1718.0,Work
2017-02-01,996606.0,4.227,False,2,1,14,53.9,1900.0,Work
2017-02-02,996606.0,7.5,False,3,2,13,53.55,1753.0,Work
2017-02-03,996606.0,3.465,True,4,3,12,53.81,1869.0,Work
2017-02-04,996606.0,9.055,False,5,4,11,53.54333333333334,1406.0,Weekend
2017-02-05,996606.0,1.764,False,6,5,10,53.27666666666667,557.0,Weekend
2017-02-06,996606.0,2.532,False,0,6,9,53.01,1773.0,Work
2017-02-07,996606.0,8.594,False,1,7,8,52.19,1887.0,Work
2017-02-08,996606.0,6.285,False,2,8,7,52.37,1912.0,Work
2017-02-09,996606.0,4.862,False,3,9,6,52.99,1750.0,Work
2017-02-10,996606.0,0.948,True,4,10,5,53.84,1858.0,Work
2017-02-11,996606.0,0.0,,5,11,4,53.54666666666667,1372.0,Weekend
2017-02-12,996606.0,5.172,False,6,12,3,53.25333333333333,531.0,Weekend
2017-02-13,996606.0,3.925,False,0,13,2,52.96,1933.0,Work
2017-02-14,996606.0,2.272,False,1,14,1,53.21,2051.0,Work
2017-02-15,996606.0,7.84,False,2,0,0,53.11,1780.0,Work
2017-02-16,996606.0,7.411,False,3,1,12,53.41,1709.0,Work
2017-02-17,996606.0,3.209,True,4,2,11,53.41,1719.0,Work
2017-02-18,996606.0,2.197,False,5,3,10,53.5625,1378.0,Weekend
2017-02-19,996606.0,4.215,False,6,4,9,53.715,458.0,Weekend
2017-02-20,996606.0,3.896,False,0,5,8,53.86750000000001,1645.0,Work
2017-02-21,996606.0,10.571,False,1,6,7,54.02,1762.0,Work
2017-02-22,996606.0,4.861,False,2,7,6,53.61,1769.0,Work
2017-02-23,996606.0,3.558,False,3,8,5,54.48,1733.0,Work
2017-02-24,996606.0,8.736,True,4,9,4,53.99,1918.0,Work
2017-02-25,996606.0,2.315,False,5,10,3,54.00666666666667,1146.0,Weekend
2017-02-26,996606.0,0.556,False,6,11,2,54.02333333333333,379.0,Weekend
2017-02-27,996606.0,1.221,False,0,12,1,54.04,383.0,Holiday
2017-02-28,996606.0,0.574,False,1,0,0,54.0,537.0,Holiday
2017-03-01,996606.0,9.958,False,2,1,14,53.82,1873.0,Work
2017-03-02,996606.0,5.765,False,3,2,13,52.63,1792.0,Work
2017-03-03,996606.0,11.732,True,4,3,12,53.33,1886.0,Work
2017-03-04,996606.0,3.527,False,5,4,11,53.28333333333333,1336.0,Weekend
2017-03-05,996606.0,4.082,False,6,5,10,53.236666666666665,532.0,Weekend
2017-03-06,996606.0,2.637,False,0,6,9,53.19,1728.0,Work
2017-03-07,996606.0,4.71,False,1,7,8,52.68,1802.0,Work
2017-03-08,996606.0,5.069,False,2,8,7,49.83,1914.0,Work
2017-03-09,996606.0,3.715,False,3,9,6,48.75,1616.0,Work
2017-03-10,996606.0,6.917,True,4,10,5,48.05,1771.0,Work
2017-03-11,996606.0,1.275,False,5,11,4,48.016666666666666,1314.0,Weekend
2017-03-12,996606.0,5.991,False,6,12,3,47.98333333333333,536.0,Weekend
2017-03-13,996606.0,2.992,False,0,13,2,47.95,1744.0,Work
2017-03-14,996606.0,3.378,False,1,14,1,47.24,1762.0,Work
2017-03-15,996606.0,6.316,False,2,0,0,48.34,1879.0,Work
2017-03-16,996606.0,6.467,False,3,1,15,48.3,1678.0,Work
2017-03-17,996606.0,11.207,True,4,2,14,48.34,1965.0,Work
2017-03-18,996606.0,2.546,False,5,3,13,48.156666666666666,1306.0,Weekend
2017-03-19,996606.0,4.986,False,6,4,12,47.97333333333333,581.0,Weekend
2017-03-20,996606.0,4.75,False,0,5,11,47.79,1791.0,Work
2017-03-21,996606.0,0.0,,1,6,10,47.02,1719.0,Work
2017-03-22,996606.0,6.274,False,2,7,9,47.29,1739.0,Work
2017-03-23,996606.0,3.804,False,3,8,8,47.0,1799.0,Work
2017-03-24,996606.0,9.864,True,4,9,7,47.3,1858.0,Work
2017-03-25,996606.0,5.822,False,5,10,6,47.20666666666666,1320.0,Weekend
2017-03-26,996606.0,4.295,False,6,11,5,47.11333333333333,512.0,Weekend
2017-03-27,996606.0,2.154,False,0,12,4,47.02,1765.0,Work
2017-03-28,996606.0,3.52,False,1,13,3,48.36,1755.0,Work
2017-03-29,996606.0,1.138,False,2,14,2,49.47,1852.0,Work
2017-03-30,996606.0,4.406,False,3,15,1,50.3,1698.0,Work
2017-03-31,996606.0,15.673,True,4,0,0,50.54,1707.0,Work
2017-04-01,996606.0,10.197,False,5,1,14,50.443333333333335,1477.0,Weekend
2017-04-02,996606.0,0.752,False,6,2,13,50.34666666666666,557.0,Weekend
2017-04-03,996606.0,4.49,False,0,3,12,50.25,1759.0,Work
2017-04-04,996606.0,3.466,False,1,4,11,50.99,1747.0,Work
2017-04-05,996606.0,6.153,False,2,5,10,51.14,1930.0,Work
2017-04-06,996606.0,5.375,False,3,6,9,51.69,1779.0,Work
2017-04-07,996606.0,8.26,True,4,7,8,52.25,1846.0,Work
2017-04-08,996606.0,0.778,False,5,8,7,52.52,1311.0,Weekend
2017-04-09,996606.0,5.323,False,6,9,6,52.790000000000006,530.0,Weekend
2017-04-10,996606.0,5.463,False,0,10,5,53.06,1596.0,Work
2017-04-11,996606.0,1.251,False,1,11,4,53.38,1753.0,Work
2017-04-12,996606.0,3.303,False,2,12,3,53.12,1867.0,Work
2017-04-13,996606.0,3.929,False,3,13,2,53.19,1905.0,Work
2017-04-14,996606.0,0.0,,4,14,1,53.0475,494.0,Holiday
2017-04-15,996606.0,3.676,False,5,0,0,52.905,1116.0,Weekend
2017-04-16,996606.0,3.845,False,6,1,14,52.7625,483.0,Weekend
2017-04-17,996606.0,5.42,False,0,2,13,52.62,1750.0,Work
2017-04-18,996606.0,6.956,False,1,3,12,52.46,1652.0,Work
2017-04-19,996606.0,1.048,False,2,4,11,50.49,1802.0,Work
2017-04-20,996606.0,0.742,False,3,5,10,50.26,1579.0,Work
2017-04-21,996606.0,13.745,True,4,6,9,49.64,1958.0,Work
2017-04-22,996606.0,6.139,False,5,7,8,49.39333333333333,1338.0,Weekend
2017-04-23,996606.0,2.726,False,6,8,7,49.14666666666666,518.0,Weekend
2017-04-24,996606.0,5.059,False,0,9,6,48.9,1632.0,Work
2017-04-25,996606.0,7.353,False,1,10,5,49.22,1732.0,Work
2017-04-26,996606.0,4.308,False,2,11,4,49.22,1862.0,Work
2017-04-27,996606.0,6.525,False,3,12,3,48.96,1744.0,Work
2017-04-28,996606.0,19.853,True,4,13,2,49.31,1903.0,Work
2017-04-29,996606.0,5.584,False,5,14,1,49.15,1278.0,Weekend
2017-04-30,996606.0,2.531,False,6,0,0,48.99,498.0,Weekend
2017-05-01,996606.0,2.391,False,0,1,14,48.83,481.0,Holiday
2017-05-02,996606.0,10.267,False,1,2,13,47.65,1757.0,Work
2017-05-03,996606.0,6.15,False,2,3,12,47.79,1803.0,Work
2017-05-04,996606.0,6.305,False,3,4,11,45.55,1729.0,Work
2017-05-05,996606.0,19.546,True,4,5,10,46.23,1752.0,Work
2017-05-06,996606.0,8.532,False,5,6,9,46.306666666666665,1351.0,Weekend
2017-05-07,996606.0,3.604,False,6,7,8,46.38333333333333,523.0,Weekend
2017-05-08,996606.0,5.476,False,0,8,7,46.46,1740.0,Work
2017-05-09,996606.0,7.499,False,1,9,6,45.84,1784.0,Work
2017-05-10,996606.0,9.354,False,2,10,5,47.28,1831.0,Work
2017-05-11,996606.0,3.33,False,3,11,4,47.81,1608.0,Work
2017-05-12,996606.0,6.649,True,4,12,3,47.83,1982.0,Work
2017-05-13,996606.0,8.292,False,5,13,2,48.17333333333333,1487.0,Holiday
2017-05-14,996606.0,0.704,False,6,14,1,48.516666666666666,554.0,Holiday
2017-05-15,996606.0,5.45,False,0,0,0,48.86,1601.0,Work
2017-05-16,996606.0,6.292,False,1,1,15,48.64,1738.0,Work
2017-05-17,996606.0,8.004,False,2,2,14,49.04,1795.0,Work
2017-05-18,996606.0,5.021,False,3,3,13,49.36,1662.0,Work
2017-05-19,996606.0,11.396,True,4,4,12,50.32,1897.0,Work
2017-05-20,996606.0,1.234,False,5,5,11,50.48333333333333,1284.0,Weekend
2017-05-21,996606.0,3.854,False,6,6,10,50.64666666666667,495.0,Weekend
2017-05-22,996606.0,6.019,False,0,7,9,50.81,1758.0,Work
2017-05-23,996606.0,7.707,False,1,8,8,51.12,1701.0,Work
2017-05-24,996606.0,3.158,False,2,9,7,50.99,1844.0,Work
2017-05-25,996606.0,5.279,False,3,10,6,48.57,1663.0,Work
2017-05-26,996606.0,0.0,,4,11,5,49.58,580.0,Holiday
2017-05-27,996606.0,1.519,False,5,12,4,49.5925,1116.0,Weekend
2017-05-28,996606.0,3.764,False,6,13,3,49.605,512.0,Weekend
2017-05-29,996606.0,3.829,False,0,14,2,49.61750000000001,1750.0,Work
2017-05-30,996606.0,6.428,False,1,15,1,49.63,1770.0,Work
2017-05-31,996606.0,4.73,False,2,0,0,48.29,1878.0,Work
2017-06-01,996606.0,5.017,False,3,1,14,48.32,1815.0,Work
2017-06-02,996606.0,8.153,True,4,2,13,47.68,1925.0,Work
2017-06-03,996606.0,5.287,False,5,3,12,47.586666666666666,1420.0,Weekend
2017-06-04,996606.0,2.773,False,6,4,11,47.49333333333333,525.0,Weekend
2017-06-05,996606.0,8.813,False,0,5,10,47.4,1883.0,Work
2017-06-06,996606.0,10.059,False,1,6,9,48.13,1816.0,Work
2017-06-07,996606.0,21.972,False,2,7,8,45.8,1889.0,Work
2017-06-08,996606.0,4.759,False,3,8,7,45.68,1694.0,Work
2017-06-09,996606.0,20.6,True,4,9,6,45.82,1886.0,Work
2017-06-10,996606.0,0.0,,5,10,5,45.91333333333333,1362.0,Weekend
2017-06-11,996606.0,6.028,False,6,11,4,46.00666666666667,585.0,Weekend
2017-06-12,996606.0,2.129,False,0,12,3,46.1,1711.0,Work
2017-06-13,996606.0,3.288,False,1,13,2,46.41,1766.0,Work
2017-06-14,996606.0,4.004,False,2,14,1,44.79,1832.0,Work
2017-06-15,996606.0,3.393,False,3,0,0,44.47,1776.0,Work
2017-06-16,996606.0,7.723,True,4,1,14,44.73,1946.0,Work
2017-06-17,996606.0,2.646,False,5,2,13,44.56666666666666,1388.0,Weekend
2017-06-18,996606.0,0.0,,6,3,12,44.403333333333336,577.0,Weekend
2017-06-19,996606.0,6.829,False,0,4,11,44.24,1747.0,Work
2017-06-20,996606.0,10.847,False,1,5,10,43.34,1778.0,Work
2017-06-21,996606.0,6.038,False,2,6,9,42.48,1841.0,Work
2017-06-22,996606.0,4.408,False,3,7,8,42.53,1739.0,Work
2017-06-23,996606.0,5.233,True,4,8,7,42.86,1843.0,Work
2017-06-24,996606.0,7.776,False,5,9,6,42.986666666666665,1299.0,Weekend
2017-06-25,996606.0,0.0,,6,10,5,43.11333333333333,517.0,Weekend
2017-06-26,996606.0,5.992,False,0,11,4,43.24,1752.0,Work
2017-06-27,996606.0,7.671,False,1,12,3,44.25,1764.0,Work
2017-06-28,996606.0,2.814,False,2,13,2,44.74,1906.0,Work
2017-06-29,996606.0,4.609,False,3,14,1,44.88,1645.0,Work
2017-06-30,996606.0,3.594,True,4,0,0,46.02,1852.0,Work
2017-07-01,996606.0,1.722,False,5,1,14,45.838,1362.0,Weekend
2017-07-02,996606.0,3.396,False,6,2,13,45.656000000000006,542.0,Weekend
2017-07-03,996606.0,3.556,False,0,3,12,45.474,1890.0,Work
2017-07-04,996606.0,3.104,False,1,4,11,45.292,1803.0,Work
2017-07-05,996606.0,3.846,False,2,5,10,45.11,1913.0,Work
2017-07-06,996606.0,2.722,False,3,6,9,45.52,1698.0,Work
2017-07-07,996606.0,5.668,True,4,7,8,44.25,1843.0,Work
2017-07-08,996606.0,8.321,False,5,8,7,44.3,1366.0,Weekend
2017-07-09,996606.0,3.569,False,6,9,6,44.35,579.0,Weekend
2017-07-10,996606.0,9.474,False,0,10,5,44.4,1814.0,Work
2017-07-11,996606.0,2.997,False,1,11,4,45.06,1760.0,Work
2017-07-12,996606.0,2.307,False,2,12,3,45.48,1970.0,Work
2017-07-13,996606.0,4.682,False,3,13,2,46.06,1679.0,Work
2017-07-14,996606.0,6.635,True,4,14,1,46.53,1867.0,Work
2017-07-15,996606.0,5.029,False,5,0,0,46.36,1338.0,Weekend
2017-07-16,996606.0,1.5,False,6,1,15,46.19,518.0,Weekend
2017-07-17,996606.0,2.535,False,0,2,14,46.02,1739.0,Work
2017-07-18,996606.0,3.34,False,1,3,13,46.4,1733.0,Work
2017-07-19,996606.0,6.028,False,2,4,12,47.1,1797.0,Work
2017-07-20,996606.0,2.65,False,3,5,11,46.73,1774.0,Work
2017-07-21,996606.0,5.904,True,4,6,10,45.78,1878.0,Work
2017-07-22,996606.0,6.414,False,5,7,9,45.92333333333333,1333.0,Weekend
2017-07-23,996606.0,0.596,False,6,8,8,46.06666666666666,547.0,Weekend
2017-07-24,996606.0,4.978,False,0,9,7,46.21,1807.0,Work
2017-07-25,996606.0,0.648,False,1,10,6,47.77,1785.0,Work
2017-07-26,996606.0,2.123,False,2,11,5,48.58,1903.0,Work
2017-07-27,996606.0,7.668,False,3,12,4,49.05,1729.0,Work
2017-07-28,996606.0,4.376,True,4,13,3,49.72,1848.0,Work
2017-07-29,996606.0,3.489,False,5,14,2,49.88333333333333,1251.0,Weekend
2017-07-30,996606.0,2.78,False,6,15,1,50.04666666666667,519.0,Weekend
2017-07-31,996606.0,3.521,False,0,0,0,50.21,1872.0,Work
2017-08-01,996606.0,6.481,False,1,1,14,49.19,1795.0,Work
2017-08-02,996606.0,4.977,False,2,2,13,49.6,1892.0,Work
2017-08-03,996606.0,8.517,False,3,3,12,49.03,1726.0,Work
2017-08-04,996606.0,2.316,True,4,4,11,49.57,1847.0,Work
2017-08-05,996606.0,0.0,,5,5,10,49.50333333333333,1251.0,Weekend
2017-08-06,996606.0,0.0,,6,6,9,49.43666666666667,507.0,Weekend
2017-08-07,996606.0,1.199,False,0,7,8,49.37,1665.0,Work
2017-08-08,996606.0,17.139,False,1,8,7,49.07,1766.0,Work
2017-08-09,996606.0,5.852,False,2,9,6,49.59,1766.0,Work
2017-08-10,996606.0,4.459,False,3,10,5,48.54,1764.0,Work
2017-08-11,996606.0,3.594,True,4,11,4,48.81,570.0,Holiday
2017-08-12,996606.0,4.392,False,5,12,3,48.403333333333336,1004.0,Weekend
2017-08-13,996606.0,1.394,False,6,13,2,47.99666666666667,416.0,Weekend
2017-08-14,996606.0,2.7,False,0,14,1,47.59,1733.0,Work
2017-08-15,996606.0,0.644,False,1,0,0,47.57,1693.0,Work
